id,sentence,#aspect terms,aspect_term,at_polarity
892:1,"Boot time बहुत तेज है, लगभग 35 seconds से 1 minute तक।",1,['Boot time'],['positive']
1144:1,"जब तक मैंने आपका plan $150 के लिए नहीं buy किया, tech support problem को fix नहीं करेगा।",1,['tech support'],['negative']
805:2,लेकिन resume में यह computer rock करता है!,0,[],[]
359:1,Set up was easy.,1,['Set up'],['positive']
562:1,नए Windows 8 और touchscreen functions को enjoy नहीं किया।,2,"['Windows 8', 'touchscreen functions']","['negative', 'negative']"
323:1,"मुझे ऐसी उम्मीद थी क्योंकि यह एक Apple product है, लेकिन मैं अपनी expectations को exceed करते हुए देखकर glad था, यही वो laptop जिसे अभी buy करना है।",0,[],[]
958:1,"Click pads (इन दिनों industry standard है) और lousy internal speakers के fan नहीं होने के अलावा, मेरे लिए इस notebook के बारे में things find करना hard है जो मुझे पसंद नहीं हैं, विशेष रूप से $350 price tag consider करना।",3,"['internal speakers', 'price tag', 'Click pads']","['negative', 'positive', 'negative']"
684:1,excellent in every way.,0,[],[]
282:9,कोई installation disk (DVD) शामिल नहीं है।,1,['installation disk (DVD)'],['neutral']
819:1,"यह fast है, use करने में simple और light है।",1,['use'],['positive']
130:1,"अच्छी तरह से works करता है, और मैं एक apple OS पर वापस आ के extremely happy हूं।",2,"['works', 'apple OS']","['positive', 'positive']"
791:30:00,जब से हमने इसे लिया है यह mac एक problem है।,0,[],[]
593:1,"Sure हूं कि यह light और slim नहीं है, लेकिन इसके लिए features 100% make up करती हैं।",1,['features'],['positive']
996:1,"मैं fast log on, speedy WiFi connection और long battery life (> 6 hours) से pleased हूं।",3,"['log on', 'WiFi connection', 'battery life']","['positive', 'positive', 'positive']"
314:21:00,Apple engineers ने अभी तक delete key discover नहीं की है।,1,['delete key'],['negative']
147:5,Interneting (मेरे business का part है) maintain करना बहुत difficult है।,1,['Interneting'],['negative']
3:1,"Luckily, हम सभी के लिए यह decision contemplate करने के लिए, Mac Mini की priced right है।",1,['priced'],['positive']
132:1,Small है और अभी भी बहुत powerful है।,0,[],[]
293:1,मैंने अपने State's tax-free weekend में $ 1199.00 के लिए यह model लिया और local BestBuy में MacBook के लिए $ 100 का off coupon था!,0,[],[]
663:1,"Super light, super sexy और सब कुछ बस work करता है।",1,['work'],['positive']
373:1,"केवल एक problem जो मुझे लगी थी कि track pad मेरे लिए बहुत अच्छा नहीं था, मुझे केवल इसके साथ एक या दो बार problem हुई थी, लेकिन शायद मेरा computer थोड़ा defective था।",1,['track pad'],['negative']
798:49:00,और अगर आप एक pc से switch कर रहे हैं तो मैं इसे  hilghy sugest करूंगा।,0,[],[]
759:1,यह super fast है और इसमें outstanding graphics हैं।,1,['graphics'],['positive']
326:1,लेकिन mountain lion बहुत slow है।,1,['mountain lion'],['negative']
488:1,Strong build जिसके माध्यम से वास्तव में इसकी durability add हो रही है।,2,"['durability', 'build']","['positive', 'positive']"
847:1,6-7 hours बिना चार्ज किए battery life excellent है।,1,['battery life'],['positive']
641:1,मैं Apple के product लेना enjoy करता हूं।,0,[],[]
561:1,मैंने अपना computer 2 weeks पहले ही ले लिया है और यह perfectly work करता है।,1,['work'],['positive']
357:1,मैं फिर कभी PC पर वापस नहीं जाऊंगा!,0,[],[]
1062:1,और मैं केवल एक ही हो सकता हूं लेकिन मैं really में Windows 8 को like कर रहा हूं।,1,['Windows 8'],['positive']
792:2,Battery बहुत लंबी है।,1,['Battery'],['positive']
81:1,और यह बहुत quiet है मैं इसे बिल्कुल नहीं सुन पाता हूं।,0,[],[]
809:1,इसका size ideal है और weight acceptable है।,2,"['size', 'weight']","['positive', 'positive']"
794:47:00,"मुझे पता है कि Apple pcs की तुलना में अधिक expensive हैं, लेकिन वह सोचता है कि यह हर penny के लायक है।",0,[],[]
144:1,"मेरे लिए यह workhorse है, और quiet जितना हो सकता है, आप Uncle Sam को कोई ज्यादा dishing out किए बिना भी big bugs save कर सकते हैं, जरुर buy करें।",0,[],[]
495:1,"मैं कह सकता हूं कि computer ने जो performance supply किया है, मैं उससे पूरी तरह satisfy हूं।",1,['performance'],['positive']
393:1,"मैं पूरी तरह sure हूं कि जब मैंने इसे buy किया था, तो मेरा bank account खत्म हो गया था ouch!",0,[],[]
127:1,Great item के लिए आपका बहुत धन्यवाद ,0,[],[]
910:1,"इस laptop में केवल 2 USB ports हैं, और वे both एक ही side हैं।",1,['USB ports'],['negative']
1047:1,यह बहुत annoying है और मैं कभी भी कोई Acer products buy नहीं करुंगा।,0,[],[]
470:1,यही कारण है कि मैंने first place में एक BRAND NEW LAPTOP purchase किया  ताकि कोई problem न हो।,0,[],[]
499:1,इसकी speed बहुत ज्यादा अधिक है और screen बहुत sharp है।,2,"['speed', 'screen']","['positive', 'positive']"
457:1,"Laptop के रूप में, यह पिछले 2 years में हमारा 3rd Apple computer है।",0,[],[]
636:1,सब कुछ जो मैं चाहता था और जिसकी मुझे need थी और price great थी!,1,['price'],['positive']
48:1,"यह inexpensive नहीं है, लेकिन Hardware performance इस छोटे से computer के लिए impressive है।",1,['Hardware performance'],['positive']
992:1,यह मेरे old acer laptop से बेहतर है ,0,[],[]
57:1,"यह thing awesome है, सब कुछ हमेशा work करता है, सब कुछ हमेशा set up करने में easy है, सब कुछ compatible होता है, यह शाब्दिक रूप से सबकुछ है जो मैं मांग सकता था।",2,"['work', 'set up']","['positive', 'positive']"
38:28:00,मैं फिर से इसे चुटकियों में buy कर लुंगा।,0,[],[]
387:7,Press करने पर keyboard अच्छे से respond करता है।,1,['keyboard'],['positive']
211:0,अगर कोई मुझे Apple Fanboy बुलाता है ... तो इसका कोई sense होगा।,0,[],[]
1065:46:00,"अंत में, Windows 8 annoying है।",1,['Windows 8'],['negative']
801:38:00,"$ 1,500 MacBook पर एक scratch unforgivable है।",0,[],[]
116:1,मैं बस इस thing को पसंद करता हूं।,0,[],[]
Speed से लेकर multi touch gestures तक यह operating system Windows को easily beat करता है।,Setup या configure करने के लिए सब कुछ बहुत easy और intuitive है।,2,"['Setup', 'configure']","['positive', 'positive']"
332:4,"मुझे अभी तक अपने mac से कोई problem नहीं है, और hope है कि यह उसी तरह रहेगा।",0,[],[]
807:49:00,यह laptop एक बढ़िया खरीद है।,0,[],[]
1107:1,सबसे बड़ी complaint Windows 8 है।,1,['Windows 8'],['negative']
298:29:00,केवल 2 usb ports limited तरह का लहता है।,1,['usb ports'],['negative']
250:1,हालाकि यह देखने में जल्दबाजी है कि क्या यह वास्तव में problem को fix करता है या नहीं।,0,[],[]
789:25:00,इस device ने मेरे  expectations को पूरा किया है और मैं sure हूं कि यह आपकी भी करेगा।,0,[],[]
1061:1,इसमें सारे expected features और बहुत कुछ है plus wide screen और roomy keyboard से ज्यादा है। ,3,"['features', 'screen', 'keyboard']","['positive', 'positive', 'positive']"
797:41:00,"जो मैंने own किया है उन सभी laptops में से, यह अब तक का best है!",0,[],[]
128:1,मेरे द्वारा डाली गई किसी भी चीज के लिए Performance Amazing है।,1,['Performance'],['positive']
734:1,"मैं अब एक PC पर वापस नहीं जा सकता, यह machine कभी भी freeze नहीं होती है या कोई problem नहीं है।",0,[],[]
1012:1,Box के बाहर मैंने notice किया कि यह कितना small था और वास्तव में वही था जिसकी मैं तलास कर रहा था।,0,[],[]
655:1,Receiver quality और performance के लिए superlatives से भरा था।,2,"['quality', 'performance']","['positive', 'positive']"
301:1,मैं खुद OS से extremely happy था।,1,['OS'],['positive']
960:1,मैं एक regular laptop और tablet के बीच का कुछ ढूंढ रहा था और यह वही है।,0,[],[]
448:3,New MBP great portability offer करता है और हमें confidence देता है कि हमें 18 months में एक new laptop purchase करने की need नहीं है।,1,['portability'],['positive']
1158:1,Great purchase और मैं निश्चित रूप से Black Friday deals को miss नहीं करता था।,0,[],[]
794:24:00,"Criticism कम हो गई है, और अब मैं पहला होउगा जिसने सही मायने में portable computing के लिए एक Air recommend किया।",1,['portable computing'],['positive']
1141:1,मैंने इसे 5 stars दिए होंगे यह इस fact के लिए नहीं था कि इसमें Windows 8 था,1,['Windows 8'],['negative']
795:15:00,"MS Office 2011 for Mac शानदार है, इसके लायक है।",1,['MS Office 2011 for Mac'],['positive']
42:29:00,"एक month से अधिक time तक इसका use करने के बाद, एक issue surface पर आना start हो गया।",0,[],[]
106:1,लेकिन Mac Mini का performance एक huge disappointment वाला है।,1,['performance'],['negative']
782:1,किसी भी चीज को लेकर कोई problem नहीं हुई है।,0,[],[]
589:1,मैं Apple से believe करता हूं - आपको वह मिलता है जिसके लिए आप pay करते हैं।,0,[],[]
294:1,उनका सिर्फ look अच्छा नहीं है; वे excellent performance deliver करते हैं।,2,"['look', 'performance']","['positive', 'positive']"
553:1,मैंने इसे एक year से अधिक समय तक  बिना किसी Glitch रखा है। मुझे lit up keys और screen display पसंद है। जितना हो सकता है यह चीज Fast और clear है।,2,"['lit up keys', 'screen display']","['positive', 'positive']"
804:1,Product सभी के लिए perfect है।,0,[],[]
315:1,"यदि आप Microsoft Windows से familiar हैं, तो Mountain Lion OS को figure out करना hard नहीं है।",2,"['Mountain Lion OS', 'Microsoft Windows']","['positive', 'neutral']"
17:4,"हालांकि, मैं refute कर सकता हूं कि OSX ""FAST"" है।",1,['OSX'],['negative']
631:1,मैंने यह sure होने के लिए review करने का wait किया कि यह क्या है।,0,[],[]
796:35:00,Microsoft Office का इस्तेमाल करके enjoy कर रहा हूं।,1,['Microsoft Office'],['positive']
764:1,मैं किसी को भी इस product को suggest करुंगा। ,0,[],[]
452:1,"बिना किसी problem के, मैं इस purchase से happy हूं क्योंकि मैंने इसे कहीं और से buy करने की तुलना में money save किए हैं।",0,[],[]
412:1,Graphics बहुत बढ़िया है और colors brilliant है।,2,"['Graphics', 'colors']","['positive', 'positive']"
60:1,मुझे Apple से कुछ affordable चाहिए था और PC laptop के बाद PC laptop से deal कर के tired हो चुका था।,0,[],[]
317:1,बस थोड़ी face किया और mac buy किया hope कर रहा हूं कि यह बहुत लंबे समय तक चलेगा।,0,[],[]
747:5,Built-in apps पूरी तरह से amazing है।,1,['Built-in apps'],['positive']
395:3,Cons: Screen resolution.,1,['Screen resolution'],['negative']
469:1,Speed से लेकर multi touch gestures तक यह operating system Windows को easily beat करता है।,4,"['operating system', 'Windows', 'Speed', 'multi touch gestures']","['positive', 'negative', 'positive', 'positive']"
1028:1,मुझे वास्तव में size पसंद है और मैं ACERS का fan हूं।,1,['size'],['positive']
660:1,"यह अब तक का best, सबसे reliable computer है जो मुझे मिल सकता है।",0,[],[]
286:15:00,"मैंने SquareTrade 3-Year Computer Accidental Protection Warranty ($ 1500-2000) को चुना, जो कि drops और spills की तरह ""accidents"" का भी support करते हैं जो AppleCare द्वारा cover नहीं किए जाते हैं।",2,"['SquareTrade 3-Year Computer Accidental Protection Warranty', 'AppleCare']","['positive', 'negative']"
1002:1,यह light है और transport करने में easy है।,1,['transport'],['positive']
1118:1,जब आप एक बार past learnig कर लेते हैं कि खराब तरीके से design किए गए Windows 8 Set-Up का use कैसे करें तो आप frustrate feel कर सकते हैं।,1,['Windows 8 Set-Up'],['negative']
[],विशेष रूप से money के लिए बहुत powerful है।,0,[],[]
563:1,"जब मेरे Dell laptop ने केवल 2 1/2 years बाद give up कर दिया, तो मैंने MacBook Pro buy करने का decide किया।",0,[],[]
417:1,"यह एक new laptop का time है, और एकमात्र debate थी कि Mac laptops का कौन सा size हो या retina display के लिए जाएं।",2,"['size', 'retina display']","['neutral', 'neutral']"
929:1,यह Apple से new MacBook Pro लेने की तुलना में काफी अधिक affordable था।,0,[],[]
375:0,मैं हमेशा एक MacBook Pro चाहता था ..... हमेशा!,0,[],[]
727:1,क्यों मैं apple MacBook choose करता हूं reason उनका design और aluminum casing है।,2,"['design', 'aluminum casing']","['positive', 'positive']"
747:8,Aluminum body निश्चित तौर पर इसे अलग करती है। ,1,['Aluminum body'],['positive']
799:53:00,"कुल मिलाकर ये amazing product है, 5 stars!",0,[],[]
37:1,"Bluetooth devices integrate करना बहुत easy होता है, और USB devices को लगभग तुरंत recognize कर लेता है।",2,"['Bluetooth devices integrate', 'USB devices']","['positive', 'positive']"
741:1,वह अपने new laptop से thrilled है।,0,[],[]
532:1,Amazing product है जैसा कि आप Apple से expect करेंगे।,0,[],[]
757:1,इस computer में कुछ भी wrong नहीं है!,0,[],[]
891:8,"और fact यह है कि Apple Intel4000 graphic chip के साथ 13"" RMBP drive कर रहा है, मेरे लिए unpowered समझ में आ रहा है।",1,['Intel4000 graphic chip'],['negative']
786:42:00,मुझे आश्चर्य है कि Amazon इस dinosaur को क्यों sell कर रहा है।,0,[],[]
19:1,Apple ने DVD drive Firewire port (adapter के साथ work करेगा) को हटा दिया और SDXC slot को back पर एक silly position पर रख दिया।,3,"['DVD drive Firewire port', 'adapter', 'SDXC slot']","['neutral', 'neutral', 'negative']"
907:1,कोई hassle और कोई complaints नहीं।,0,[],[]
786:1,"यह पसंद है मैं हमेशा एक apple fan boy रहा हूं, लेकिन कभी भी mac buy करने के लिए money नहीं था, केवल ipads और iphones, और यह मेरा पहला mac है, जिसने मुझे पूरी तरह से खुश कर दिया।",0,[],[]
363:27:00,Laptop की durability इसे money के लायक बनाएगी।,1,['durability'],['positive']
422:1,अच्छे से designed किया गया है और fast है।,1,['designed'],['positive']
792:54:00,और अब मैं एक  MacBook owner भी हूँ!,0,[],[]
295:1,"लेकिन मैं completely wrong था, यह computer UNBELIEVABLE और use करने में easy है।",1,['use'],['positive']
1119:1,Exactly जैसा post किया गया था plus value भी great है।,1,['value'],['positive']
30:21:00,Specs भी काफी good था।,1,['Specs'],['positive']
1045:1,"मेरा एक friend है जो इसकी तलास कर रहा है, लेकिन शायद इसे return कर दूंगा।",0,[],[]
682:1,बिल्कुल भी कोई scratches या dents या कोई marks नहीं थे।,0,[],[]
148:1,"मेरे पास केवल one day रहा, लेकिन मैं वास्तव में इसे पसंद करता हूं और मैं happy हूं कि यह economical था और मैं अंत में एक Mac own करने में able रहा।",0,[],[]
652:1,"चूंकि मैंने हमेशा Apple products का use किया है, इसलिए Macbook Pro का choice obvious था।",0,[],[]
211:1,"Apple product quality, aesthetics, craftmanship, और customer service  में बेजोड़ है।",4,"['product quality', 'aesthetics', 'craftmanship', 'customer service']","['positive', 'positive', 'positive', 'positive']"
888:1,यह मेरा first apple laptop है।,0,[],[]
1078:1,यह एक बढ़िया gift बनाता है।,0,[],[]
1159:1,इसका size बढ़िया है और amazing windows 8 include है।,2,"['size', 'windows 8']","['positive', 'positive']"
661:1,मैं किसी को भी जो तलास कर रहा है first class computer recommend करुंगा।,0,[],[]
1150:1,मुझे Windows 8 बहुत ज्यादा पसंद नहीं है।,1,['Windows 8'],['negative']
791:32:00,Startup times incredibly long है: two minutes से अधिक।,1,['Startup times'],['negative']
369:0,मैं अपने old Macbook Air को replace करने के लिए एक year पहले Best Buy से Macbook Pro buy किया।,0,[],[]
897:1,Macbook pro वास्तव में responsive है।,0,[],[]
743:1,Colors stunning और speedy है।,1,['Colors'],['positive']
803:1,हालांकि यह वास्तव में expensive है।,0,[],[]
681:1,Great price free shipping मैं और क्या माँग सकता हूँ !!,2,"['price', 'shipping']","['positive', 'positive']"
801:1,यह mouse terrific है।,1,['mouse'],['positive']
280:12:00,मैं यह भी कहूंगा कि जो मैंने expect किया उससे बहुत better है!,0,[],[]
333:1,यह computer वह सब कुछ करता है जो मुझे school और बहुत कुछ करने के लिए चाहिए।,0,[],[]
809:43:00,यह battery के चारों ओर वास्तव में thick है।,1,['battery'],['neutral']
974:1,और windows 7 एक charm की तरह work करता है।,1,['windows 7'],['positive']
151:1,और मैं अपना projector इसमें attach कर सकता हूं।,0,[],[]
605:1,":) बढ़िया product, बढ़िया price, बढ़िया delivery, और बढ़िया service.",3,"['price', 'delivery', 'service']","['positive', 'positive', 'positive']"
846:1,यह बहुत तेजी से आया और customer service बहुत बढ़िया थी।,1,['customer service'],['positive']
983:1,Windows 8 try किया और इससे नफरत हो गई !!!,1,['Windows 8'],['negative']
912:1,"वहाँ पर अधिकांश laptop से price higher है; हालाँकि, उन्होंने जो pay किया है वो उन्हें मिलेगा, जो कि एक great computer है।",1,['price'],['conflict']
449:1,"तो, मैंने सोचा कि क्यों ना MacBook pro को try करें।",0,[],[]
723:1,Set up एक breeze था।,1,['Set up'],['positive']
1122:1,लेकिन मुझे Win8 पसंद नहीं है।,1,['Win8'],['negative']
893:1,मैंने कम से कम 4 से 5 laptop और computer own किये हैं - लेकिन यह अब तक की सबसे superior machine है जो मैंने कभी own की है।,0,[],[]
856:1,मैं अभी भी इसके features को learn करने के process में हूं।,1,['features'],['neutral']
789:34:00,"हालाकि, मैंने old laptop के बारे में online check किया जो कि ""died"" हो गया  और पाया कि मैं अकेला नहीं था, इससे बहुत दूर था।",0,[],[]
609:1,"मेरे पास अधिकांश PC users की तरह reasons हैं: price , OSX के overbearing restrictions और support for games की कमी है।",3,"['price', 'OSX', 'support for games']","['negative', 'negative', 'negative']"
101:1,"मैं इसे इसकी mobility और man के लिए चाहता था, यह little bad boy बहुत nice है।",1,['mobility'],['positive']
07:23,मुझे लगता है कि Apple का attention पाने का यह best way है।,0,[],[]
1126:1,अब तक बहुत nice है।,0,[],[]
668:1,आप disappoint नहीं होंगे।,0,[],[]
799:1,"एक new MacBook Pro का investment price पर आया था, लेकिन mind के एक अच्छे piece के लिए पूरी तरह से लायक था।",1,['price'],['conflict']
156:1,मैंने find किया कि mini set up करने के लिए Exceptionally easy है,1,['set up'],['positive']
34:18:00,USB3 होते हुए मैंने इस Mini को क्यूं buy किया।,1,['USB3'],['positive']
797:22:00,जहां भी इसे रखें sure करें कि air flow अच्छा हो।,0,[],[]
480:7,Sound nice और loud है; मुझे कुछ भी hearing में कोई problem नहीं होती है।,1,['Sound'],['positive']
720:1,"यह बहुत slim है, मैं trackpad से बहुत impress हूं।",1,['trackpad'],['positive']
798:57:00,मेरे MacBook ( circa 2007) के साथ भी यही problem थी कि मैं अभी retired हुआ हूं।,0,[],[]
229:1,"Great things छोटे ""packages"" में आती हैं।",0,[],[]
934:0,Apple MAC का बहुत बड़ा Fan हूं।,0,[],[]
387:1,"HP, ASUS, Acer, Sony और दूसरों का एक bunch देखा, लेकिन find नहीं कर सका मुझे वास्तव में पसंद आया।",0,[],[]
1122:5,Settings user-friendly नहीं हैं।,1,['Settings'],['negative']
07:22,"ईमानदारी से कहूं, मैं surprised हूं कि किसी और ने उनकी returning को mention नहीं किया है।",0,[],[]
439:1,"2 years के बाद उनमें से ज्यादातर या तो बहुत big थे, बहुत noisy और बहुत slow थे।",0,[],[]
386:1,"Used machine है, लेकिन new जैसा है, मैं बहुत impress हूं।",0,[],[]
1066:00:00,OpenOffice के लिए धन्यवाद!,1,['OpenOffice'],['positive']
627:1,"Form factor बहुत बढ़िया है , battery life बढ़िया है, UX शानदार है.",3,"['Form factor', 'battery life', 'UX']","['positive', 'positive', 'positive']"
302:1,कहने की ज़रूरत नहीं है कि उससे इससे पर leap करना amazing रहा है और (financial reasons से अलग) मैं astound हूं कि मैंने जल्द switch नहीं किया था।,0,[],[]
792:1,"यह perfect है, बहुत heavy नहीं है।",0,[],[]
876:1,मुझे keyboard और screen बहुत पसंद है।,2,"['keyboard', 'screen']","['positive', 'positive']"
1113:1,मैंने find किया कि यह बहुत user friendly नहीं हैं।,0,[],[]
536:1,इसने सभी expectations को surpassed किया और मेरी सभी needs को fulfill किया।,0,[],[]
998:1,"हालांकि, touchpad के साथ MAJOR issues हैं जो device को लगभग useless कर देते हैं।",1,['touchpad'],['negative']
292:1,मुझे जो किसी भी और चीज से ज्यादा anger दिलाती है वो ये है कि मैने वो सारे years MACs से hate करने में नीकाल दिए जब मैं बहुत कम grief के साथ बहुत अधिक production प्राप्त कर सकता था!,0,[],[]
104:1,मैंने पहले ही OS X Mavericks को upgrade किया है और मैं इस computer की हर चीज से impress हूं।,1,['Mavericks'],['positive']
798:51:00,तो यह बहुत अच्छा computer है और मैं इसे highly suggest करता हूं।,0,[],[]
517:1,Mbp जो मैंने receive किया वह सब कुछ था जो इसे होना चाहिए था।,0,[],[]
1049:1,मैं today buy करने जा रहा था और notice किया कि यह $ 344.99 तक वापस चला गया था?,0,[],[]
218:1,उतना fast नहीं है जितना मैंने एक i5 से expet किया था।,1,['i5'],['negative']
622:1,तो बेशक यह एक awesomeness के माध्यम से आया था!,0,[],[]
797:48:00,आपको इस computer को buy करने का regret नहीं होगा!,0,[],[]
826:1,इसके बारे में bad कहने के लिए कुछ भी नहीं है ,0,[],[]
850:1,यह Macbook के लिए heavy है लेकिन अच्छा है।,0,[],[]
79:1,बढ़िया service और shipping के लिए धन्यवाद।,2,"['service', 'shipping']","['positive', 'positive']"
799:05:00,Deal of the year.,0,[],[]
842:7,मेरी sisters ने उसी laptop को उसी reason से month के बाद तोड़ दिया।,0,[],[]
35:07:00,बहुत से people के लिए Minis का sense है।,0,[],[]
16:1,"Performance काफी अच्छा लगता है, और built-in applicationsजैसे कि iPhoto मेरे phone और camera के साथ बढ़िया work करते हैं।",3,"['Performance', 'built-in applications', 'iPhoto']","['positive', 'positive', 'positive']"
34:58:00,यह Mac Mini Macbook Pro को slow बनाता है।,0,[],[]
895:1,मैंने Samsung 830 SSD के लिए hard drive को swap out किया जिसे मैं highly recommend करता हूं।,2,"['hard drive', 'Samsung 830 SSD']","['neutral', 'positive']"
836:1,"मैंने अपने six-year-old PC (Sony Vaio) को replace करने के लिए MacBook Pro buy किया, लेकिन यह मूल रूप से मेरे old PC से better नहीं था, इसलिए मैंने इसे return कर दिया।",0,[],[]
1087:1,"मैं एक simple, reliable laptop चाहता था।",0,[],[]
846:2,यह apple पर भी buy करने में सस्ता है!,0,[],[]
1065:45:00,मुझे बस अपने last computer की तुलना में little harder typer बनना learn करना है।,0,[],[]
335:1,जिस तरह से यह है उससे बेहद disappointe हूं।,0,[],[]
342:1,Computer का use करके कभी भी happy नहीं हुआ।,0,[],[]
442:1,मैंने कई अलग-अलग manufacturers से कुल 5 अलग-अलग laptop लिए हैं।,0,[],[]
534:1,जो मैं इस laptop से करवाना चाहता था सब कुछ करता है ,0,[],[]
905:2,इसके अलावा sale के lack में apple के stocks में गिरावट रही है।,0,[],[]
1071:1,पता चला है कि यह common problem है।,0,[],[]
714:1,Starts up Hurry में है और सब कुछ होने के लिए ready है।,1,['Starts up'],['positive']
904:1,जितना हो सकता है यह fast भी है जिसके लिए आप pay करते हैं आपको मीलता है investment well worth है।,0,[],[]
252:1,लेकिन मैं अभी भी learn कर रहा हूं इसलिए इसे हर चीज के लिए rate नहीं कर सकता।,0,[],[]
795:17:00,"कुल मिलाकर बहुत impress हूं, धन्यवाद Apple और Amazon!",0,[],[]
800:36:00,"हां, यह अच्छी बात है, लेकिन यह aluminum से बना है जिसमें easily scratch लग जाता है।",1,['aluminum'],['negative']
1091:1,मेरी needs के लिए बहुत fast है।,0,[],[]
385:1,मैंने अपने old Dell laptop को replace करने के लिए Mac buy किया।,0,[],[]
566:1,Quick और built in virus control में किया गया है।,1,['built in virus control'],['positive']
491:1,एक long time से retina display के साथ और इसके बिना के बीच decide करने का try कर रहा हूं।,1,['retina display'],['neutral']
107:1,मैंने Best Buy पर Mini Mac देखा और इसे मेरे replacement के रूप में लेने का decide किया।,0,[],[]
690:1,मैंने आखिरकार इस पर decide किया और कोई भी happy नहीं हो सकता है।,0,[],[]
278:5,मुझे यह भी inform किया गया है कि MacBook के components dirty हैं।,1,['components'],['negative']
732:1,बहुत glad हूं कि मैंने bar products से कम पर money waste नहीं किया। ,0,[],[]
798:22:00,One bit भी regrette नहीं है।,0,[],[]
155:1,एक चीज जो Apple सही करता है वह है computers.,0,[],[]
337:1,"Hardware problems बहुत खराब हैं, मैं तब तक wait नहीं कर सकता जब तक कि यह 3 years में पूरी तरह से die ना जाए, TOPS!",1,['Hardware'],['negative']
857:1,यह बहुत nice है कि battery बहुत देर तक चलती है और इस machine में snow lion है!,2,"['battery', 'snow lion']","['positive', 'positive']"
777:1,मुझे लगता है कि वे market में best हैं।,0,[],[]
927:1,हालाकि मैंने two days की shipping choose की और इसे आने में one week से अधिक समय लगा।,1,['shipping'],['negative']
36:08:00,"यह $ 599 से काफी अधिक है जो यह little guy sell करता है, जो मुझे मेरे next point पर leave कर देता है।",0,[],[]
419:1,यह काफी smooth होने के साथ-साथ heavy भी है और easily hands से slip हो सकता है।,0,[],[]
794:09:00,मेरा laptop इतना light है कि मैं इसे अपने साथ कहीं भी ले जा सकता हूं।,0,[],[]
679:1,"यह exactly वही है जो मैं चाहता था, और इसमे सारे new features थे और क्या नहीं था।",1,['features'],['positive']
476:1,आप बिल्कुल कुछ भी कर सकते हैं और बहुत fast और stylish है।,0,[],[]
585:1,"अंत में एक MAC try करने का decide किया क्योंकि बहुत सारे choices थे जिनमें से PC buy करने के लिए थे और हर कोई जिसके पास MAC था ""एक MAC buy करने "" को कह रहा था।",0,[],[]
503:1,क्या आप MacBook की quality से match करने वाला कोई भी laptop buy कर सकते हैं?,1,['quality'],['positive']
1040:1,"Cheap feel होता है, keyboard बहुत sensitive नहीं है।",1,['keyboard'],['negative']
842:9,जिसने laptop के सारे point को defeat किया है।,0,[],[]
982:1,"हालांकि कृपया ध्यान दें कि कभी-कभी यह crash हो जाता है, और sound quality superb नहीं है।",1,['sound quality'],['negative']
748:1,Novice के लिए भी navigate करना बहुत easy है।,1,['navigate'],['positive']
170:1,"लेकिन अब तक, कोई complaints नहीं है।",0,[],[]
1065:39:00,Cons ज्यादा annoyance होते हैं जो कि रह सकते हैं।,0,[],[]
989:1,"क्या सब कुछ है जो मुझे इससे चाहिए, wonderful battery life और मैं happy नहीं हो सकता था।",1,['battery life'],['positive']
765:1,Quality और Performance बढ़िया है।,2,"['Performance', 'Quality']","['positive', 'positive']"
1030:4,वही है जो मेरे portable और Wallet के लिए भी Needed है।,0,[],[]
502:1,Device अपने बारे में खुद बोलता है।,0,[],[]
462:1,"मैंने extensively windows XP, windows Vista, और Windows 7 का use किया है।",3,"['windows XP', 'windows Vista', 'Windows 7']","['neutral', 'neutral', 'neutral']"
914:1,"केवल एक चीज जिसने मुझे इस purchase के बारे में परेशान किया, वह यह है कि उन्होंने मेरे इसे तुरन्त buy करने के बाद एक new update किए गए mbp को seriouly release किया।",0,[],[]
890:1,Bed या sofa पर use करने पर यह hot हो जाता है और desk पर warm हो जाता है .... यह एक un-air conditioned room में है air condition में यह थोड़ा warm हो जाता है।,0,[],[]
124:1,मैंने एक SSD drive और memory add किया।,2,"['SSD drive', 'memory']","['neutral', 'neutral']"
790:0,"मुझे यह मिला, $ 962 के लिए Offer देने के लिए धन्यवाद :)।",0,[],[]
896:1,मेरे पास 3 years के लिए मेरा PC laptop था और MacBook Pro के लिए जाना ऐसा है जैसे मैंने समय के साथ छलांग लगा दी।,0,[],[]
269:1,"Start up पर यह endless questions पूछता है, ताकि itune आपको उसके अधिक product sell कर सके।",2,"['Start up', 'itune']","['negative', 'negative']"
35:09:00,एक Mini लेने का काफी ज्यागा sense बनता है।,0,[],[]
332:1,"मैं बहुत long time से Pc user हूं, लेकिन मैं इस नए OS का used to हो जाउंगा।",1,['OS'],['neutral']
869:1,ऐसा कुछ नहीं जिसे आप miss out करना चाहते हैं।,0,[],[]
797:28:00,"एक और बात, यह mac restore disks के साथ नहीं आता है और मैं sure नहीं हूं कि अगर आप उन्हें mac से direct कर सकते हैं जैसे आप नए PC के साथ कर सकते हैं, charging cables भी iphone / iPod touch की तरह ही cheap material से बने होते हैं। ",3,"['restore disks', 'charging cables', 'material']","['negative', 'negative', 'negative']"
300:1,मैंने इसे अपने son के लिए buy किया जो इसे graphic design के लिए use करता है।,1,['graphic design'],['neutral']
320:1,मैंने पहले एक older Dell laptop own किया था जो लगभग 5 या 6 years बाद died हो गया।,0,[],[]
964:1,यह काफी decent computer है।,0,[],[]
34:12:00,मैंने उस iMac के साथ किसी भी external mics को try नहीं किया।,1,['external mics'],['neutral']
580:1,New os मेरे macbook pro पर बढ़िया है।,1,['os'],['positive']
478:1,यह fast था और यह different था।,0,[],[]
1027:1,"मुझे small screen में adjust करने में थोड़ी problem हुई, लेकिन जब तक मुझे अपने glasses ले जाना याद है, fine work करता है।",1,['screen'],['conflict']
647:1,मैंने अपना first Mac purchase किया और मैं glad हूं कि मैंने किया।,0,[],[]
705:1,मुझे experience है कोई problems नहीं होता है जैसी उम्मीद की गई थी work करता है।,1,['work'],['positive']
873:1,System बड़िया run कर रहा है।,1,['System'],['positive']
633:1,Customize setting  easy है और यहां तक कि create your own bookmarks.,2,"['Customize setting', 'create your own bookmarks']","['positive', 'positive']"
276:1,उन्होंने really में इस पर एक screwed डाला है।,0,[],[]
105:1,"MAC Mini, wireless keyboard / mouse और एक HDMI cable, मुझे कुछ real work करने की आवश्यकता है।",2,"['wireless keyboard / mouse', 'HDMI cable']","['neutral', 'neutral']"
89:1,"मैंने अंत में trigger pull किया और मैं Mac mini का use करके अपने computer task को बहुत enjoy कर रहा हूं, इससे मैं खुश हूं !!!",0,[],[]
1076:1,"इसमें वे सभी features हैं जिनकी हमें उम्मीद थी और price अच्छा था, अब तक अच्छा work कर रहा है।",3,"['features', 'price', 'work']","['positive', 'positive', 'positive']"
112:1,मैं एक designer और coder के रूप में work करता हूं और मुझे gaming के लिए नहीं बल्कि work करने के लिए buddy की need है।,1,['gaming'],['neutral']
832:17:00,मुझे बताया गया था कि यह एक multi - component failure है।,0,[],[]
453:1,New operating system इस computer को super iPad में बनाता है।,1,['operating system'],['positive']
733:1,मैं अपने first Mac से बहुत happy हूं।,0,[],[]
179:1,Set up करने और चलाने के लिए easy है।,1,['Set up'],['positive']
900:1,मैं believe नहीं कर सकता कि hard drive कितनी quiet है और यह कितनी जल्दी boots up होती है।,2,"['hard drive', 'boots up']","['positive', 'positive']"
01:26,एकमात्र issue तब आया जब मैंने mac को scanning करने का try किया।,1,['scanning'],['negative']
874:1,Machine speedy और efficient है।,0,[],[]
993:1,मुझे लगता है कि यह इस price point के close किसी भी चीज के रूप में अच्छा है।,1,['price point'],['neutral']
122:1,"मेरे 13"" 2006 macbook से एक * बड़ा * upgrade है।",0,[],[]
945:1,यह वही है जो हम ढूंढ रहे थे और यह बहुत great work करता है।,1,['work'],['positive']
542:1,Mac होने से certainly life easy हो जाता है।,0,[],[]
709:1,यह बहुत quick और responsive है कि यह computer पर working / surfing को बहुत अधिक pleasurable बनाता है!,2,"['working', 'surfing']","['positive', 'positive']"
771:1,Old unibody macbook pro थोड़ी देर बाद एक egg fry कर सकती थी।,0,[],[]
87:1,"यह fine work करता है, और सभी software बहुत अच्छी तरह से run करते समझ में आतें हैं।",2,"['work', 'software']","['positive', 'positive']"
984:1,"इस purpose के लिए, यह बहुत great है।",0,[],[]
600:1,अधिक के लिए नहीं कहा जा सकता है!,0,[],[]
0:1,"मैं इस computer का use word processing, web browsing, कुछ gaming, के लिए कर रहा हूं और मैं programming learn कर रहा हूं।",4,"['word processing', 'web browsing', 'gaming', 'programming']","['neutral', 'neutral', 'neutral', 'neutral']"
91:1,"यह निश्चित रूप से करता है, लेकिन आप Mac के किसी भी complain के बारे में अपने friends से शायद ही कभी सुनते हैं।",0,[],[]
477:1,"मेरी wife box open करने के लिए बहुत excited थी, लेकिन जल्दी ही यह देखने में आया कि यह वैसे function नहीं कर रहा जैसा इसे करना चाहिए।",1,['function'],['negative']
794:57:00,मेरे पास share करने के लिए कोई technical pearls नहीं है।,0,[],[]
383:1,"मैं एक ऐसा computer चाहता था, जो काफी fast हो, और कुल मिलाकर जिसका performance great हो।",1,['performance'],['neutral']
160:19:00,"Apple ""Help"" एक mixed bag है।",1,"['Apple ""Help""']",['negative']
358:1,कुल मिलाकर मैं कह सकता हूं कि मैं impressed हूं।,0,[],[]
268:1,यह अचानक से work नहीं कर सकता।,1,['work'],['negative']
508:1,इसने वो सब किया जो हमने expect किया था।,0,[],[]
279:0,"Hard drive खराब condition में था, इसे replace करना पड़ा।",1,['Hard drive'],['negative']
200:1,Rear corner में on/off switch थोड़ा obscre है।,1,['on/off switch'],['negative']
46:33:00,,0,[],[]
28:1,मेरा एकमात्र complaint है कि जो mac mini के साथ आता है उसमें पूरी तरह से instructions की कमी है।,1,['instructions'],['negative']
2:1,"एकमात्र task जिसके लिए यह computer पर्याप्त नहीं होगा gaming होगा, अन्यथा integrated Intel 4000 graphics अन्य task के लिए अच्छी तरह से work करता है।",2,"['gaming', 'integrated Intel 4000 graphics']","['negative', 'conflict']"
919:1,यह macbook pro है और इसके बारे में कोई discussion नहीं।,0,[],[]
231:1,मैं hope कर रहा हूँ कि बाकी features apple की signature quality वाली होगी।,1,['features'],['conflict']
923:1,"मैं इसका use ज्यादातर content creation (Audio, video, photo editing) और यह reliable है।",4,"['content creation', 'Audio', 'video', 'photo editing']","['positive', 'positive', 'positive', 'positive']"
59:1,यह Mac के चारों ओर best है।,0,[],[]
462:8,Screen bright और gorgeous है।,1,['Screen'],['positive']
102:1,यह portable और reliable भी है।,0,[],[]
382:15:00,"इसका एक ही solution है कि brightness को down किया जाए, आदि।",1,['brightness'],['neutral']
789:17:00,New laptop जैसा अच्छा और use किया हुआ purchase करना easy decision नहीं है लेकिन मैं बहुत satisfy हूं।,0,[],[]
227,"यदि आप macs के बारे में अधिक information चाहते हैं, तो मेरा suggest करता हूं कि आप Apple.com पर जाएं और applications के बारे में अधिक information के लिए macbook page की ओर बढ़ें।",1,['applications'],['neutral']
670:1,यह सभी Apple products के रूप में एक friendly use के साथ robust है।,1,['use'],['positive']
920:1,"यहां तक कि अगर आप business नहीं करते हैं, तो ठीक है, यह incredibly fast है।",0,[],[]
880:1,यह fast और use करने में easy है,1,['use'],['positive']
1066:04:00,यह पूरी तरह से annoying था।,0,[],[]
745:1,और fact यह है कि यह एक i5 processor के साथ आता है निश्चित रूप से चीजों को speed देता है,1,['i5 processor'],['positive']
261:2,लेकिन आप में से उन लोगों के लिए जिनके पास mac नहीं है और अभी भी PC पर हैं यह mac के door पर एक अच्छा foot है।,0,[],[]
889:1,मेरे पास years से PC है लेकिन यह computer intuitive है और इसकी built in features एक great help हैं।,1,['built in features'],['positive']
980:1,और ये आसानी से मेरे briefcase में fit हो जाता है।,0,[],[]
1094:1,"Nice screen, keyboard बढ़िया काम करता है।",2,"['screen', 'keyboard']","['positive', 'positive']"
1067:5,220.00 के लिए अब भी bad नहीं है।,0,[],[]
575:1,मैं amazed था कि delivery कितनी fast थी।,1,['delivery'],['positive']
373:0,Fast और अच्छा computer है।,0,[],[]
165:1,मैंने इसमें additional SSD और 16Gb RAM install किया है।,2,"['SSD', '16Gb RAM']","['neutral', 'neutral']"
972:1,Memory चली गई थी और यह use होने में able नहीं था।,1,['Memory'],['negative']
505:1,यह थोड़ा बहुत fire होता है और चलता है।,0,[],[]
796:1,यह बहुत अच्छा work करता है और मैं बहुत happy हूं कि मैंने इसे buy किया।,1,['work'],['positive']
275:1,मुझे यह कहकर start करने दें कि मैं laptop पर इतना money spend करने के लिए highly reluctant था।,0,[],[]
1138:1,"मुझे keyboard, बहुत सारे ports के साथ design और use में ease पसंद है।",3,"['design', 'keyboard', 'ports']","['positive', 'positive', 'positive']"
230:1,"Apple mini के साथ अपने name पर जी रहा है और, हमारी needs के लिए, यह perfect है।",0,[],[]
322:1,यह definitely मेरे old mac को beat करता है और service great थी।,1,['service'],['positive']
206:1,मैं एक Macbook से इस Mac Mini में गया और यह एक great upgrade था!,0,[],[]
16:2,Safari browser के साथ Web browsing बहुत तेज है।,2,"['Web browsing', 'Safari browser']","['positive', 'positive']"
665:1,यह एक better decision नहीं हो सकता था।,0,[],[]
481:1,मुझे night में lighted screen पसंद है।,1,['lighted screen'],['positive']
23:1,Living room में एक solid Mac होना बहुत अच्छा है।,0,[],[]
948:1,इसे use करना वास्तव में easy है और यह start up में quick है।,2,"['use', 'start up']","['positive', 'positive']"
307:1,मैं crashes और slow operation और restarts के साथ रहा हूं।,1,['operation'],['negative']
793:12:00,बहुत light है और आसानी से मिल जाने वाला है।,0,[],[]
34:19:00,USB3 Peripherals ThunderBolt की तुलना में noticeably कम खर्चीला है।,2,"['USB3 Peripherals', 'ThunderBolt']","['positive', 'negative']"
1065:42:00,यह पहली बार में annoying हो सकता है लेकिन आपको अभी तक start नहीं करने के लिए खुद को train करना होगा।,0,[],[]
842:1,"और मेरा break हो गया था, लेकिन मैंने इसे warranty के तहत send कर दिया था कोई problems नहीं है।",1,['warranty'],['positive']
471:1,मैं अपने purchase से happy नहीं हूं।,0,[],[]
894:1,"यह  fast, light और media editing के लिए perfect है, जो कि ज्यादातर इसलिए मैंने इसे first place में buy किया था।",1,['media editing'],['positive']
828:1,"हालांकि, machine ने खुद को desire होने के लिए थोड़ा छोड़ दिया।",0,[],[]
391:1,"जैसा advertise (15-20 minutes देना या लेना) किया गया था battery चलती है, और entire user experience बहुत elegant है।",2,"['battery', 'user experience']","['positive', 'positive']"
680:1,मैंने months अपने लिए एक good laptop की तलाश में spend किए और मैंने आखिरकार इसे found किया!,0,[],[]
799:06:00,$999.00 Tax free.,0,[],[]
949:1,Fast shipment और great price के लिए धन्यवाद।,2,"['shipment', 'price']","['positive', 'positive']"
824:1,"!Excelent performance है, usability, presentation और time response.",4,"['performance', 'usability', 'presentation', 'time response']","['positive', 'positive', 'positive', 'positive']"
999:1,Space restrictions के कारण smaller size एक bonus था।,1,['size'],['positive']
34:10:00,मैं Mac OS को blame करता हूं।,1,['Mac OS'],['negative']
799:04:00,"लेकिन अभी के लिए, यह laptop अभी भी एक workhorse है।",0,[],[]
456:1,"वास्तव में मैं अभी भी बहुत सारे Legacy programs (Appleworks, FileMaker Pro, Quicken, Photoshop etc) का use करता हूँ!",5,"['Legacy programs', 'Appleworks', 'FileMaker Pro', 'Quicken', 'Photoshop']","['neutral', 'neutral', 'neutral', 'neutral', 'neutral']"
450:1,"यह small लेकिन powerful है, light लेकिन strong है, elegant और beautiful है ... संक्षेप में: यह एक Mac है!",0,[],[]
708:1,मुझे operating system पसंद है।,1,['operating system'],['positive']
788:56:00,मैं wish करता हूं कि मैंने सोलों पहले plunge ले लिया होता।,0,[],[]
376:1,मुझे form factor पसंद है।,1,['form factor'],['positive']
806:1,मैंने detailed technical review लिखने के लिए product का पर्याप्त use नहीं किया है।,0,[],[]
201:1,यह loading the internet में तेज़ है।,1,['loading the internet'],['positive']
763:1,Looking बहुत ज्यादा faster और sleeker है।,1,['Looking'],['positive']
795:43:00,मैं long time के लिए अपने MacBook Pro का use करने का plan बना रहा हूं।,0,[],[]
962:1,"Unfortunately, यह XP run करता है और Microsoft next April से support drop कर रहा है।",2,"['XP', 'support']","['neutral', 'negative']"
375:1,"Movies में देखा गया है, sitcoms, prominent important people उन्हें carry और use करते हैं और वे बढ़िया हैं!",0,[],[]
281:1,"सबसे पहले, मैं वास्तव में अपने MBP को पसंद करता हूं ... एक बार OS का used to हो जाने पर यह बहुत easy हो जाता है, और overall build great है ... उदाहरण के लिए keyboard पर type करने के लिए best है।",3,"['OS', 'overall build', 'keyboard']","['positive', 'positive', 'positive']"
1108:1,Exactly वही करता है जिसके लिए मैंने इसे buy किया था।,0,[],[]
99:1,Mac Mini buy करें यह एक terribly बढ़िया machine है।,0,[],[]
926:1,यह solid construction से बना है और चूकि मेरे पास कभी Mac नहीं रहा है अपना iPhone use कर रहा हूं जिससे system के लिए used to होने में थोड़ी help मिली।,2,"['construction', 'system']","['positive', 'neutral']"
673:1,"मुझे equipment का यह piece पसंद है, MacBook Pro का use करने के बाद अन्य type के laptop पर वापस जाना hard होगा।",0,[],[]
829:1,Unibody construction बहुत बढ़िया है।,1,['Unibody construction'],['positive']
473:1,Apple से बहुत disappoint हूं।,0,[],[]
318:1,"यह Macbook Pro fast, powerful है, और runs super quiet और cool है।",1,['runs'],['positive']
36:32:00,"*** Review below अब relevant नहीं है, Apple ने इस issue को fix कर दिया है।",0,[],[]
810:37:00,"यह ठीक है, लेकिन एक disk drive नहीं है, जिसे मैं इसे buy करने के बाद तक नहीं जानता था।",1,['disk drive'],['neutral']
42:03:00,"कोई HDMI receptacle नहीं है, न ही device पर कहीं भी SD card slot located है।",2,"['HDMI receptacle', 'SD card slot']","['neutral', 'neutral']"
800:1,यह वास्तव में अन्य computers के compare में बहुत light है।,0,[],[]
758:1,यह brand new में आया और बहुत अच्छे से work करता है।,1,['work'],['positive']
798:23:00,यह machine Amazing है।,0,[],[]
355:1,"ऐसा नहीं होना चाहिए, मेरे पास कोई design app open या कुछ भी नहीं है।",1,['design app'],['neutral']
335:0,मेरा TRACKPAD WORK नहीं कर रहा है।,1,['TRACKPAD'],['negative']
787:06:00,मैं बस hope करता हूं कि यह expensive laptop मेरे friends की तरह का dead न हो ...यह खराब होने से थोड़ा पहले 5 good years तक चला था।,0,[],[]
674:1,दूसरे computer को consider करते हुए question से बाहर होना चाहिए,0,[],[]
706:1,यह एक flawless finish के साथ solid looks और feels होता है।,3,"['finish', 'looks', 'feels']","['positive', 'positive', 'positive']"
697:13:00,यह एक-एक Penny के लायक है।,0,[],[]
671:1,जब मैं इस product को buy करता हूं तो PC पर show किए जाने वाले price की तुलना में MAC पर buy किए जाने पर price high होता है।,2,"['price', 'price']","['negative', 'positive']"
799:00:00,Decked out MacBook Pro के लिए यह एक great deal था,0,[],[]
460:1,तब system कई बार forced power-off के बिना power down नहीं करेगा।,2,"['system', 'power down']","['negative', 'negative']"
985:1,"इसके बजाय इसे लें, आपको sorry महसूस नहीं होगा।",0,[],[]
798:03:00,Configuration मेरी needs के लिए perfect है।,1,['Configuration'],['positive']
1171:1,और अब तक के worst speakers हैं। ,1,['speakers'],['negative']
791:00:00,मुझे लगता है कि यह लगभग 16 hundred bucks था जब मैंने check किया था।,0,[],[]
515:1,"यह best है, इसने looks पाया है, use करने में super easy है और सब पसंद है जो आप trackpad के साथ कर सकते हैं!",3,"['looks', 'use', 'trackpad']","['positive', 'positive', 'positive']"
12:1,"यह अन्य Mac models के compare में fast, quiet, incredibly small और affordable है।",0,[],[]
793:38:00,Web surfing smooth और seamless है।,1,['Web surfing'],['positive']
798:39:00,मेरे लिए अपने new mac को unwrapp करना बहुत exciting था।,0,[],[]
520:2,मैं कुल मिलाकर interface और इस product की portability से pleased हूं।,2,"['interface', 'portability']","['positive', 'positive']"
496:1,"इसलिए जब मेरे पास buy करने के लिए money था, तो मैंने इसके बजाय अन्य चीजें buy कीं .... एक 700 laptop और कुछ अतिरिक्त stuff.",0,[],[]
952:1,"यह item एक beautiful piece है, यह अच्छी तरह से work करता है, इसे carry और handle करना आसान है।",3,"['work', 'carry', 'handle']","['positive', 'positive', 'positive']"
1135:1,वह हाल ही में retire हुई और उसने decide किया कि उसे एक laptop चाहिए।,0,[],[]
394:1,यह hardware (keyboard) के issues से भी suffer कर रहा है जो कि अपेक्षाकृत slow performance और shortening battery lifetime था।,3,"['performance', 'battery lifetime', 'hardware (keyboard)']","['negative', 'negative', 'negative']"
36:39:00,"मैं कोई regular customer नहीं हूं, मुझे अपना time hello और  मैं आपकी help कैसे कर सकता हूं के साथ waste करने से नफरत है। ",0,[],[]
526:1,"अच्छा run करता है और job करता है, उसके बारे में complaint नहीं कर सकता!",1,['run'],['positive']
25:1,यह silent है और मेरी desk पर एक बहुत small footprint है।,1,['footprint'],['positive']
947:1,मुझे इस new product से कोई regret नहीं है।,0,[],[]
379:1,The exterior पूरी तरह से gorgeous है।,1,['exterior'],['positive']
1072:1,खुद से लिया और यह पसंद है।,0,[],[]
1140:1,"इसका performance बहुत high है, बस इसलिए मुझे need थी।",1,['performance'],['positive']
49:13:00,यह विशेष रूप से disheartening है जब Apple creative professionals की choice के रूप में खुद पर pride करता है।,0,[],[]
204:1,Apple इस issue से aware है और यह या तो old stock है या intel 4000 graphics chipset से युक्त एक defective design है।,2,"['intel 4000 graphics chipset', 'design']","['neutral', 'neutral']"
405:1,"Stone age में रहना stop करो और एक mac buy करो, आप बिलकुल भी sorry महसूस नहीं करोगे !!",0,[],[]
32:46:00,OSX Mountain Lion जल्द ही Mavericks में upgrade करने को है।,2,"['OSX Mountain Lion', 'Mavericks']","['neutral', 'neutral']"
548:1,Apple ने यहां एक home run hit किया।,0,[],[]
797:53:00,"मैंने अभी new MacBook Pro, 13"" model buy किया, और मैं believe नहीं कर सकता कि Apple USB ports के संबंध में एक ही mistake कर रहा है।",1,['USB ports'],['negative']
596:1,बहुत glad हूं मैं इस route से गया। ,0,[],[]
898:3,Lid open करने पर यह एक second से भी कम समय में wakes करता है।,2,"['Lid', 'wakes']","['neutral', 'positive']"
860:1,यह मेरे लिए perfect size और speed है।,2,"['size', 'speed']","['positive', 'positive']"
695:1,मैं इस laptop का बहुत addict हूं।,0,[],[]
555:1,CUSTOMER SERVICE TERRIFIC है।,1,['CUSTOMER SERVICE'],['positive']
1007:1,एक cafe में writing करते समय जब मैंने उस पर एक latte spill किया तो trash कर दिया।,0,[],[]
959:1,"मेरा last laptop एक 17"" ASUS gaming machine था, जो admirably perform करता था, लेकिन जब से मैंने अपना desktop built किया है और वास्तव में college life में settle हो गया हूं, तो मैंने पाया कि मैं खुद को smaller और less cumbersome दिखाना चाहता था, यह mention नहीं करने के लिए कि जब से मैंने इसे लगभग 4 years पहले buy किया था ASUS slowly problems को develop कर रहा था ।",1,['perform'],['positive']
908:1,"हालाँकि, इसमें कोई scratches नहीं थी, ZERO battery cycle count हुआ (काफी surprised हूं), और सभी hardware एकदम सही से work कर रहे थे।",2,"['battery cycle count', 'hardware']","['positive', 'positive']"
181:1,OS के साथ चारों ओर fumbling के बाद मैंने एक fix के लिए internet पर searching start की और found किया कि issue कई forums पर fix हो रही है।,1,['OS'],['negative']
1029:1,मैं ज्यादा pleased नहीं हो सकता।,0,[],[]
790:13:00,और सभी fancy finger swipes के लिए - मैंने बस give up कर दिया और एक mouse attach कर दिया।,2,"['finger swipes', 'mouse']","['negative', 'neutral']"
447:1,"मुझे big storage, nice और fast screen के साथ एक laptop की need थी, ताकि मैं बिना किसी problem के photoshop कर सकूं।",3,"['storage', 'screen', 'photoshop']","['neutral', 'neutral', 'neutral']"
928:1,मुझे Mac OS पर वापस आना पसंद है लेकिन मेरे $ 400 old HP laptop की तुलना में इस laptop में speaker quality lacking है।,2,"['Mac OS', 'speaker quality']","['positive', 'negative']"
739:1,यह  Acer ultrabook से काफी better है  जो पहले मेरे पास था।,0,[],[]
776:1,बहुत quickly और safely shipped कर दिया।,1,['shipped'],['positive']
35:36:00,मैं अंत में computing equipment का एक piece own किया जो कि मैं नहीं चाहता कि एक baseball bat लूं और destroy कर दूं।,0,[],[]
796:28:00,Thunderbolt port बहुत बढ़िया है।,1,['Thunderbolt port'],['positive']
877:1,"User friendly, fast और high tech है यह शानदार है।",0,[],[]
691:1,Performance definitely किसी भी computer से better हैं जो मैंने कभी भी अपने हाथों से छूए हैं।,1,['Performance'],['positive']
242:1,यह streaming video और अन्य entertainment uses के लिए बहुत अच्छा है।,2,"['streaming video', 'entertainment uses']","['positive', 'positive']"
797:06:00,Apple ने बढ़िया काम किया है।,0,[],[]
567:1,मुझे  design और इसके features पसंद हैं लेकिन मुझे लगता है कि कुछ improve करने की need है।,2,"['design', 'features']","['positive', 'positive']"
507:1,Mac office के साथ small problems थीं।,1,['Mac office'],['negative']
118:1,यह extremely fast और बहुत compact है।,0,[],[]
579:1,मैं समझता हूं कि मुझे किसी भी  variables के बारे में Apple Tech Support को call करना चाहिए (जो कि इस con को लिखने का मेरा purpose है) क्योंकि  variables future की एक बड़ी problem हो सकते हैं।,1,['Apple Tech Support'],['neutral']
19:0,"मैंने new 27"" Imacs के spec  से disappoint होने के बाद अपना 2012 mac mini order किया।",1,['spec'],['negative']
341:1,"यह अभी भी work करता है और यह बहुत user friendly है, इसलिए मैं इसे new computer user को recommend करुंगा और उन लोगों के लिए भी जो चीजों को करने के लिए अधिक efficient way की तलाश कर रहे हैं",1,['work'],['positive']
816:1,"यह fast है, use करने में easy है और looks great है।",2,"['use', 'looks']","['positive', 'positive']"
1075:1,(लेकिन Office purchase किया जा सकता है) अगर मुझे कभी भी एक laptop की need होती है तो मैं sure एक और Toshiba purchase करुंगा!!,1,['Office'],['neutral']
689:1,मैं retina display के साथ इसे try नहीं किया है ... शायद future में।,1,['retina display'],['neutral']
92:1,आप इस marvelous computer के लगभग सभी details wikipedia पर read कर सकते हैं।,0,[],[]
313:1,"Pro पर performance बहुत better है, खासकर यदि आप इस पर एक SSD install करते हैं।",2,"['performance', 'SSD']","['positive', 'positive']"
286:1,"ध्यान दें, हालाँकि, आपके पास existing कोई भी MagSafe accessories, MagSafe 2 connection के साथ work नहीं करेगा।",2,"['MagSafe accessories', 'MagSafe 2 connection']","['neutral', 'negative']"
296:1,"यदि आपको एक lemon मिलता है (मेरे पास मेरे Macs के two thirds हैं), तो आपको repairs के लिए कई बार send करना होगा इससे पहले कि वे इसे replace कर दें, भले ही उनके computer के एक ही version के साथ कई problems हों।",0,[],[]
1074:1,"केवल एक चीज जो मुझे नापसंद है वह है touchpad, बहुत time तक unresponsive रहता है और वो करता है जो मैं इससे चाहता भी नहीं, मैं इसके साथ एक mouse use करने के लिए recommend करुंगा।",2,"['touchpad', 'mouse']","['negative', 'neutral']"
393:0,"हाँ, यह super expensive है।",0,[],[]
202:1,"Mac mini मेरे old computer से लगभग 8x smaller है जो एक बहुत बड़ा bonus है और बहुत quiet run करता है, वास्तव में fans मेरे old pc से अलग audible नहीं हैं",2,"['run', 'fans']","['positive', 'positive']"
414:1,"शायद Mac OS improvement वे product नहीं थे, जिन्हें वे offer करना चाहते हैं।",1,['Mac OS'],['negative']
645:1,यह उस दिन से पहले आया था जब यह suppose किया गया था जो कि great है।,0,[],[]
800:27:00,मुझे लगा कि transition सबसे difficult होगा और new Mac ecosystem के साथ खुद को fully familiarize होने में कुछ time लगेगा।,1,['Mac ecosystem'],['neutral']
533:1,यह बिल्कुल wonderful है और price के लायक है!,1,['price'],['positive']
800:46:00,मेरे opinion में यह एक अच्छा fix है।,0,[],[]
1131:1,मैं products के use में ease के साथ please हूँ; box से बाहर appearance और functionality ready है।,3,"['use', 'appearance', 'functionality']","['positive', 'positive', 'positive']"
262:1,एक Mac Mini खरीदना मुझे transition करना allow करेगा।,0,[],[]
271:1,"Begin करने से पहले, मैं कहूंगा कि मैं उन good percentage वाले people की तरह नहीं हूं जो इस computer पर एक reviev writing end up कर देंगे - मैं एक Apple fan नहीं हूं।",0,[],[]
788:1,यह मेरे PC से कहीं अधिक fast और अधिक stable है।,0,[],[]
191:1,मैंने एक MacBook Pro purchase किया है और यह HP units के एक couple को replace करने के लिए है जो मैं use कर रहा था।,0,[],[]
793:57:00,"आप इसका regret नहीं करेंगे, आपसे promise करता हूँ!",0,[],[]
40:1,"एक PC से Mac पर move करना कभी easy नहीं रहा, और मै glad हूं कि मैंने ऐसा किया।",0,[],[]
662:1,मेरे सभी graphic design classes के लिए perfect है मैं इस year college में ले जा रहा हूं :-),1,['graphic design'],['positive']
205:1,Years तक केवल Macs use किया है।,0,[],[]
365:0,"एक tech savvy, APPLE - product loving person होने के नाते, मैं glad हूं कि मुझे अंततः MacBook Pro मिला!",0,[],[]
554:1,"मैं हमेशा उनके against था, लेकिन अब मैं एक buy कर रहा हूं, मैं कभी PC पर वापस नहीं जाऊंगा।",0,[],[]
810:33:00,मैं फिर से उस slot का use नहीं करूंगा।,1,['slot'],['negative']
810:1,मुझे लगता है कि यह buy करने का एक great decision था,0,[],[]
289:5,"OS fast और gluid है, सब कुछ organized है और यह सिर्फ beautiful है।",1,['OS'],['positive']
931:1,"यह next semester में life को बहुत easy बना देगा, बस मैं wish करता हूं कि यह last semester मेरे साथ होता!!",0,[],[]
274:1,"मैंने एक new laptop के लिए pay किया, लेकिन एक use किया हुआ send किया गया है।",0,[],[]
1105:1,इसे amazon और best buy पर search किया गया है।,0,[],[]
409:1,मैंने इसे अपने 11 years old और MacBook Air को अपने 9 years old के लिए buy किया है।,0,[],[]
849:1,मैंने इसे college के लिए buy किया था और अब तक यह amazing है!,0,[],[]
843:3,वे use करने में simple हैं।,1,['use'],['positive']
802:05:00,यह 24 hours से भी कम समय में मेरे door पर था।,0,[],[]
693:1,"यह बहुत pricey भी है, लेकिन आपको बस अपने आप को यह बताना होगा कि यह एक investment है और यह आपका long time तक चलने वाला है।",0,[],[]
472:1,यह old हो रहा था और मुझे एक new school computer की need थी।,0,[],[]
938:1,बहुत nice .. stable .. fast  है .. अब मुझे मेरा SSD मिल गया!,1,['SSD'],['positive']
909:1,मुझे apple बहुत पसंद है लेकिन दूसरों से अलग जो मुझे इस बारे में honest नहीं होने से prevent करता है कि मैं इसे कैसे पसंद करता हूं और यह अच्छा है या नहीं।,0,[],[]
290:1,इसलिए मैं Mac buy पर cool हूं।,0,[],[]
15:1,यह उसके लिए एक great computer है और मुझे यह कहना होगा कि मैं happy हूं कि मैंने switch किया।,0,[],[]
968:5,"Built-in camera use करते हुए भी, मेरे vlog के लिए मेरी voice recording ""Star Wars"" saga में interplanetary transmissions की तरह लगती है।",2,"['Built-in camera', 'voice recording']","['neutral', 'negative']"
421:1,कुल मिलाकर एक nice computer है।,0,[],[]
922:1,"आप imagine कर सकते हैं कि laptop जैसी expensive item आपके front steps पर नहीं छोड़ी जाएगी, यह prove करने के लिए signature की need है कि आपने इसे receive किया।",0,[],[]
41:22:00,मुझे quick start up पसंद है।,1,['start up'],['positive']
41:13:00,"हां, वह एक self profess ""Mac snob है।",0,[],[]
294:0,आप बस Apple device की functionality को beat नहीं कर सकते।,1,['functionality'],['positive']
547:17:00,फिर भी मेरा mac properly function करता है।,1,['function'],['positive']
463:9,Graphics बहुत improve हुआ है।,1,['Graphics'],['positive']
275:7,"यहां वे चीजें हैं जो मुझे अपनी purchase के साथ confident देती हैं : Build Quality - Seriously, आप unibody construction को beat नहीं कर सकते हैं।",2,"['Build Quality', 'unibody construction']","['positive', 'positive']"
868:1,यह mid 2012 version है,0,[],[]
286:3,यह  flexibility for connectivity अधिक provide करता है।,1,['flexibility for connectivity'],['positive']
807:15:00,मैं tablet की limitations के बिना tablet की portability चाहता हूं और यही से यह laptop चलन में आता है।,1,['portability'],['positive']
721:1,"मेरे साथ past में PC के साथ कई, कई issues हैं और मैं अंत में glad हूं कि मैंने Mac revolution join किया है।",0,[],[]
31:52:00,Mac tutorials मदद करता है।,1,['Mac tutorials'],['positive']
1031:1,जब यह break हो गया तो मैं एक और Acer चाहता था और V5 को choose किया।,0,[],[]
1069:37:00,Technical support भी helpful नहीं थी।,:,['Technical support'],['negative']
1069:13:00,मुझे new adapter मिला और कोई change नहीं हुआ।,1,['adapter'],['neutral']
1069:14:00,इसलिए मैंने technical support को call किया।,1,['technical support'],['neutral']
740:1,"इसके बारे में ऐसा कुछ भी नहीं है जो मैं पसंद नहीं करता, apple हमेशा एक great product बनाता है।",0,[],[]
820:1,"मैंने Amazon पर $100 से अधिक tax order करने से बचा लिया और जब से मैंने prime किया है, यह केवल $3.99 अधिक पर overnight आ गया।",0,[],[]
32:06:00,iPhoto के साथ आता है और garage band पहले से ही loaded है।,2,"['iPhoto', 'garage band']","['neutral', 'neutral']"
32:57:00,यह सब थोड़ा magical है।,0,[],[]
26:4,"Logic board पूरी तरह से fried हुआ, cried हुआ, और नीचे laid हुआ और died।",1,['Logic board'],['positive']
293:8,It is BLAZING fast!,0,[],[]
1069:36:00,Sound crappy था यहां तक कि जब आप volume को turn up करते हैं तब result same रहता है।,2,"['Sound', 'volume']","['negative', 'negative']"
936:1,मुझे इसके साथ कभी कोई problem नहीं हुई।,0,[],[]
271:3,"मैं वर्तमान में अपने new MacBook Pro के साथ-साथ एक Lenovo laptop own किया है, और प्रत्येक की अपनी strengths और weaknesses हैं।",0,[],[]
271:4,OS X Lion एक great performer है..बहुत ज्यादा fast और reliable है।,1,['OS X Lion'],['positive']
189:1,Best computer जो मैंने कभी own किया।,0,[],[]
31:18:00,"मैं क्या कह सकता हूँ, यह Apple है।",0,[],[]
479:5,"Mac product कितना reliable है, इस बारे में friends और family से सुनने के बाद, मुझे first month के अंदर application crash होने की कभी उम्मीद नहीं थी, लेकिन मैंने किया।",1,['application'],['negative']
462:6,Macbook pro का physical form शानदार है।,1,['physical form'],['positive']
35:03:00,"मेरे पास एक iPhone, और iPad है, इसलिए Mini add कर के platform finish off करने का ही sense बनता है।",0,[],[]
791:1,Super light नहीं है लेकिन फिर भी good है।,0,[],[]
0:3,2010 के अंत से और एक good reason से Mini body नहीं change हुआ है।,1,['body'],['positive']
461:17:00,Unibody construction वास्तव में Apple के previous laptop की तुलना में बहुत अधिक solid feel होता है। ,1,['Unibody construction'],['positive']
1010:1,मुझे इसे replacement के लिए return करना पड़ा।,0,[],[]
790:1,यह शानदार product के लिए शानदार deal था।,0,[],[]
730:1,यह पूरी तरह से मेरे home business और personal life को support करता है।,0,[],[]
00:14,3D rendering इसे काफी slow कर देता है।,1,['3D rendering'],['negative']
22:0,मेरी wife के लिए OS X Mountain Lion के साथ यह Mac Mini मिला।,1,['OS X Mountain Lion'],['neutral']
547:1,मैं यह report करते हुए pleased हो रहा हूं कि यह मेरे द्वारा आज तक receive किए गए best presents में से एक है।,0,[],[]
468:1,"हर दिन मेरे पास यह computer था, इस पर कुछ fail हो गया है।",0,[],[]
420:1,"Laptop के लिए fast है, great screen है, beautiful apps हैं; apple website पर priced 1100 है; amazon के पास यह 1098+ tax में था - साथ ही मेरे पास amazon से 10% का coupon था - On This Day मुझे 998 + tax - 1070 cost पड़ा।",4,"['screen', 'apps', 'priced', 'cost']","['positive', 'positive', 'neutral', 'neutral']"
872:1,12.44 seconds to boot.,1,['boot'],['neutral']
731:5,सारे ports बहुत जरुरी हैं क्योंकि यह मेरा main computer है।,1,['ports'],['neutral']
267:1,"Amazon पर iMac MC309LL / A की New condition केवल $ 900 + level पर ही है, और यह एक Quad-Core 2.5 GHz CPU ($ 799 Mini के समान) है, Radeon HD 6750M 512MB graphic card के साथ (यह mini integrated Intel 4000 card है), और यह भी wireless Apple Keyboard and Mouse के साथ आता है, सभी neat और nice package में एक साथ रखा गया है।",5,"['Quad-Core 2.5 GHz CPU', 'Radeon HD 6750M 512MB graphic card', 'integrated Intel 4000 card', 'wireless Apple Keyboard and Mouse', 'package']","['neutral', 'neutral', 'neutral', 'neutral', 'positive']"
419:2,इस पर एक cover रखो और थोड़ा better होगा लेकिन वह मेरी एकमात्र complaint है।,1,['cover'],['neutral']
291:6,कुछ hours के अंदर मैं gestures को unconsciously use कर रहा था।,1,['gestures'],['positive']
796:33:00,यह mac एक extender cable के साथ आता है और मैं अभी इसका use कर रहा हूं hope कर रहा हूं कि cable कई years तक nice रहेगा मैं इस mac का use करने का plan बना रहा हूं।,2,"['extender cable', 'cable']","['neutral', 'positive']"
630:1,Black MacBook से start होने वाली MacBooks की series में यह third है।,0,[],[]
293:3,ये 2.9ghz dual-core i7 chip ने सच में पीछले को पीछे छोड़ दिया।,1,['2.9ghz dual-core i7 chip'],['positive']
676:1,"जब से मैं Apple productsc का use कर रहा हूँ, मेरा life enrich हुआ है।",0,[],[]
564:1,मैंने अंत में यह किया है और इस machine को बहुत आगे जाना है।,0,[],[]
807:17:00,यह काफी snappy है और लगभग 30 second में starts up होता है जो मेरे लिए काफी good है।,1,['starts up'],['positive']
807:35:00,इसकी जो कुछ चीजें  wrong हैं बहुत minor चीजें हैं।,0,[],[]
463:26:00,"तो noise कम से कम 50% reduce हो जाता है और heat बहुत better होती है, अब यह hot नहीं लेकिन warm feel होता है।",2,"['heat', 'noise']","['conflict', 'conflict']"
1101:1,Windows 8 पर sure नही हूं।,1,['Windows 8'],['neutral']
204:4,यह इस point पर एक lottery है जैसा कि मैंने read किया है कि अन्य ने एक ही problem के साथ new receive किए हैं।,0,[],[]
71:1,मेरी एक complaint यह है कि कोई internal CD drive नहीं थी।,1,['internal CD drive'],['negative']
997:1,इस new netbook में कोई hard drive या network lights नहीं है।,2,"['hard drive', 'network lights']","['neutral', 'neutral']"
573:1,मेरे लिए Mac use करने का यह first time है और मैं इस move से वास्तव में happy हूं।,0,[],[]
199:1,Apple product के लिए कोई complaints नहीं है।,0,[],[]
464:1,New MacBook मेरे old white plastic MacBook circa 2006 से light-years आगे है।,0,[],[]
441:1,मैं कहूंगा कि 85% design industry अच्छे reason से Mac है।,0,[],[]
289:1,"मैं 13"" MacBook Air या MacBook Pro 13"" (दोनों  baseline models, 1,200 $ retail priced पर) के बीच decide करने में tough time में था",1,['priced'],['neutral']
918:1,मैंने जो last new mac buy किया वह 1998 में किया था।,0,[],[]
38:1,"ऐसे reviews हैं जो कुछ possible glitches से बात करते हैं लेकिन, मैंने उन्हें अभी तक नहीं देखा है।",0,[],[]
98:1,बहुत अधिक expense नहीं है और अधिकांश users और कई ports के लिए पर्याप्त storage है।,2,"['storage', 'ports']","['positive', 'positive']"
152:1,मैं mini से बहुत satisfy हूं।,0,[],[]
805:53:00,किसी भी background activity वाले room में audio volume काफी low है और असल में unusable है।,1,['audio volume'],['negative']
747:1,"मैं next year college जा रहा हूं और मैं जिन goals को pursue करने का try कर रहा हूं, उसके लिए मुझे एक cheaper, quality computer चाहिए।",0,[],[]
7:1,2012 के Mac Mini के release होने के एक month के short time में इस issue को लेकर 1000 से अधिक posts हैं और numbers बढ़ते जा रहे हैं।,0,[],[]
389:1,यह lightweight और class में carry करने के लिए size perfect है।,1,['size'],['positive']
921:1,अगर आपको पूछना है कि आपने एक Mac own नहीं किया हैं और आपका अभी पता नहीं है।,0,[],[]
790:52:00,"मेरे सभी devices एक दूसरे से ""talk"" करते हैं।",0,[],[]
383:3,5 stars क्यों नहीं?,0,[],[]
213:1,Very Very Highly Recommended.,0,[],[]
870:1,? मुझे केवल 15.4 MacBook Pro  Model # MD103LL / A में interest है,0,[],[]
659:1,मुझे नहीं पता कि मैंने switch जल्दी क्यों नहीं किया ... ओ हां क्योंकि यह expensive है।,0,[],[]
790:27:00,मुझे Windows 8 का demonstration दिया गया था।,1,['Windows 8'],['neutral']
313:0,Macbook Pro college students के लिए premier choice है।,0,[],[]
314:3,"उनके products, जिनमें MBP include हैं, beautiful, sleek और clever हैं।",0,[],[]
315:07:00,MBP beautiful है कई wonderful capabilities हैं।,1,['capabilities'],['positive']
339:4,"मैंने सोचा कि यह fine होगा, अगर मैं कुछ settings करता हूं।",1,['settings'],['neutral']
349:1,Runs very smoothly.,1,['Runs'],['positive']
360:0,Perfect--thanks so.,0,[],[]
363:5,यह शायद कभी crash भी होता है।,0,[],[]
367:0,मैं mail में इसे पाने के लिए बहुत excited था मैंने लगभग खुद को heart attack दिया।,0,[],[]
808:35:00,सभी Windows updates install होने के बाद Boot-up काफी slow हो गया था।,2,"['Boot-up', 'Windows updates']","['negative', 'negative']"
07:21,अधिक संभावना यह है कि logic board को replacing की आवश्यकता होगी क्योंकि वे admit करते हैं कि उनके पास एक problem है और वे एक solution के साथ आए हैं।,1,['logic board'],['negative']
375:3,"जब अंत में मैंने इसे मेरे hand में hold  किया मैंने इसे kiss किया, हाँ मैंने किया।",0,[],[]
1056:1,"यह important था कि यह उन सभी tasks को करने के लिए काफी powerful था जो उसे internet, word processing, graphic design और gaming  पर आवश्यक थे।",4,"['internet', 'word processing', 'graphic design', 'gaming']","['positive', 'positive', 'positive', 'positive']"
375:4,यह computer cheap नहीं है और मेरे लिए achievement को represent करता है।,0,[],[]
227:1,मुझे Mini Mac पसंद है इसे setup करना और install करना easy था लेकिन मैं learn कर रहा हूं कि मैं जाऊं और एक tutorial का use करके learn कर सकूं कि मैं PC पर विशेष रूप से right mouse click menu में कुछ features का use कैसे कर सकता हूं।,5,"['setup', 'install', 'tutorial', 'features', 'right mouse click menu']","['positive', 'positive', 'neutral', 'neutral', 'neutral']"
375:10:00,GET THIS MACHINE,0,[],[]
376:4,यह shiny है और यह pretty है।,0,[],[]
378:1,Runs real quick.,1,['Runs'],['positive']
375:5,ऊपर जो भी है किनारे करो यह machine ROCK करती है। ,0,[],[]
494:1,एक separate RAM memory buy करें और आपके पास एक rocket होगा!,1,['RAM memory'],['positive']
805:30:00,"चूंकि machine की slim profile मेरे लिए critical है, इसलिए यह एक problem थी।",1,['profile'],['negative']
320:15:00,"Bottom line, अगर आप इसे afford कर सकते हैं, तो एक Mac लें!",0,[],[]
329:2,मेरे Gateway को मुझ पर crap out के बाद मैंने आखिर में छलांग लगाई।,0,[],[]
1077:1,"scale और printers  को connect करने के लिए WiFi capability, disk drive और कई USB ports सभी आवश्यक थे।",3,"['disk drive', 'USB ports', 'WiFi capability']","['positive', 'positive', 'positive']"
1053:13:00,"SD card reader थोड़ा recessed और upside down है (nail slot on the card access नहीं किया जा सकता है), अगर यह self ejecting slot होता तो यह एक issue नहीं होता, लेकिन यह नहीं है।",3,"['SD card reader', 'nail slot on the card', 'slot']","['negative', 'negative', 'negative']"
615:1,"Soft touch, laser cut precision और बिना किसी flaws के anodized aluminum.",2,"['touch', 'anodized aluminum']","['positive', 'positive']"
801:33:00,"Simple details, crafted aluminium और real glass इस laptop को अन्य plastic ridden, bulky sticker fill किए हुए laptops उड़ा देते हैं।",2,"['aluminium', 'glass']","['positive', 'positive']"
261:0,सबसे पहले हाँ यह एक mac है और इसमें अच्छे से brush किया हुआ aluminum है।,1,['aluminum'],['positive']
336:0,कौन laptop बनाता है जो आपके lap में rest नहीं कर सकता है?,0,[],[]
115:1,"सब कहने और करने के बाद, मैंने अनिवार्य रूप से उस $ 450 savings को 16GB of RAM, TWO Seagate Momentus XT hybrid drives और OWC upgrade kit buy करने और second hard drive install करने के लिए use किया।",4,"['16GB of RAM', 'Seagate Momentus XT hybrid drives', 'OWC upgrade kit', 'hard drive']","['neutral', 'neutral', 'neutral', 'neutral']"
843:1,"Dell Inspiron fast है और number pad on the keyboard, जिसे मैं अपने Apple laptops पर miss करता हूं।",1,['number pad on the keyboard'],['positive']
338:0,"जैसा कि मैंने इस review को type करने का try किया, new macbook pro hang कर गया।",0,[],[]
385:11:00,MacBook Pro एक great product है जो average consumer की needs को पूरा कर सकता है।,0,[],[]
578:1,"मैं concerned था कि regular hard drive के downgrade से यह unacceptably slow हो जाएगा, लेकिन मुझे worried होने की आवश्यकता नहीं है - यह machine सबसे fast है जो मैंने कभी own की।",1,['regular hard drive'],['positive']
523:1,इसके पास अभी भी CD slot है।,1,['CD slot'],['neutral']
754:11:00,No HDMI port.,1,['HDMI port'],['neutral']
797:19:00,मुझे Mountain Lion install करना था और इसमें two good hours लग गए।,1,['Mountain Lion install'],['negative']
266:25:00,Mac पर Customization असंभव है।,1,['Customization'],['negative']
385:14:00,मुझे hope है कि यह review help करता है।,0,[],[]
315:08:00,"हालांकि, आपको खुद को adjust करना होगा कि यह क्या करेगा, न कि जो आप इससे करना चाहते हैं।",0,[],[]
34:22:00,मैं जल्द ही HD के साथ Micron SSD replace कर रहा हूं।,2,"['HD', 'Micron SSD']","['neutral', 'neutral']"
275:12:00,प्लस right click button के replacement के रूप में two finger clicking आश्चर्यजनक रूप से intuitive है।,2,"['two finger clicking', 'right click button']","['positive', 'neutral']"
397:15:00,मेरे MacBook से बहुत superior है।,0,[],[]
397:17:00,Super Drive quiet है।,1,['Super Drive'],['positive']
408:9,यह काफी easy था।,0,[],[]
1035:1,"Power plug को battery charge करने के लिए power adaptor से connect करना पड़ता है, लेकिन connect नहीं रहेगा।",3,"['Power plug', 'power adaptor', 'battery']","['negative', 'neutral', 'neutral']"
409:0,मैंने Xmas के लिए अपने nephews के लिए कुछ notebooks buy करने का decide किया।,0,[],[]
1064:1,"Battery पूरी तरह से dead थी, वास्तव में यह लगभग एक quarter inch thick lump के नीचे grow किया गया था।",1,['Battery'],['negative']
417:8,This is no exception.,0,[],[]
429:0,अगर आपको practicality पसंद है तो यह laptop आपके लिए है।,1,['practicality'],['positive']
398:2,The OS is great.,1,['OS'],['positive']
472:0,मेरे पास 2007 से एक black macbook है।,0,[],[]
203:1,मैंने कई monitors और कई HDMI cables try किया और हर बार यही case रहा।,2,"['monitors', 'HDMI cables']","['neutral', 'neutral']"
497:3,"CONS: Price थोड़ा ridiculous है, थोड़ा heavy है।",1,['Price'],['negative']
534:4,"अगर ऐसा है, तो मैं पूरी तरह से happy हूं।",0,[],[]
565:5,10/10 five stars recommend करेंगे।,0,[],[]
1160:2,Troubleshooting ने कहा कि यह AC adaptor था इसलिए हमने एक new ordereकिया।,1,['AC adaptor'],['neutral']
478:2,"मुझे मेरा machine पसंद आ गया है, और यह pampered था।",0,[],[]
47:1,Fan तभी on होता है जब आप playing a game करते हैं।,2,"['Fan', 'playing a game']","['neutral', 'neutral']"
961:1,"जिसमें यह नहीं था, केवल 3 USB 2 ports।",1,['USB 2 ports'],['neutral']
279:2,"कोई startup disk include नहीं था, लेकिन यह मेरा fault हो सकता है।",1,['startup disk'],['neutral']
48:35:00,"""tools"" menu नहीं है।",1,"['""tools"" menu']",['neutral']
716:1,यह बहुत fast है और इसमें वह सब कुछ है जिसकी मुझे need है एक word program को छोड़कर।,1,['word program'],['negative']
217:1,CD/DVD drive और एक बड़ा power switch चाहिए।,2,"['CD/DVD drive', 'power switch']","['neutral', 'negative']"
624:1,अब तक का best laptop है।,0,[],[]
840:1,Windows 7 के साथ मेरा laptop crash हो गया और मुझे Windows 8 नहीं चाहिए था।,2,"['Windows 7', 'Windows 8']","['negative', 'negative']"
1130:1,Online electronic item buy करने के बारे में skeptical था लेकिन यह एक positive experience था।,0,[],[]
690:4,इस पर scratch या mark नहीं हैं।,0,[],[]
121:1,Install करने में easy है अपने bedroom में कहीं भी छोड़ने के लिए small है configure for ADSl cable or wifi भी बहुत easy है।,2,"['Install', 'configure for ADSl cable or wifi']","['positive', 'positive']"
721:0,Words express नहीं कर सकते कि मैं अपने new Mac को कितना पसंद करता हूँ।,0,[],[]
1008:1,Speakers better हो सकते थे लेकिन यह एक deal breaker नहीं था ... यह एक great little laptop है ... यह पसंद है!,1,['Speakers'],['conflict']
572:0,Received item बिल्कुल वैसा ही था जैसा identify किया गया था।,0,[],[]
688:0,इसका सब कुछ mac offer करता है।,0,[],[]
688:1,Nice packing.,1,['packing'],['positive']
630:10:00,"Elegant होने के अलावा, MacBooks durable हैं।",0,[],[]
62:1,"मैंने इस पर switch किया क्योंकि मैं कुछ different चाहता था, यहां तक कि मैं windows को miss करता हूं।",1,['windows'],['positive']
630:14:00,"हां, competing PC laptops की तुलना में MBP अधिक expensive है।",0,[],[]
464:4,"Apple अब computer के साथ iDVD include नहीं करता है और इसके अलावा, Apple इसे अब और offer भी नहीं करता है!",1,['iDVD'],['negative']
991:1,"मैं भी Windows 7 चाहता था, जो इसमें है।",1,['Windows 7'],['positive']
941:1,"सबसे पहले, मैं Mac system use करने में थोड़ा uncomfortable feel करता हूं।",1,['Mac system'],['negative']
440:1,मैं windows के साथ computers के लिए used to हूं इसलिए मुझे अपना रास्ता खोजने में थोड़ी difficulty हो रही है।,1,['windows'],['neutral']
788:53:00,उन्होंने इसे replace कर दिया और अब तक बहुत good है।,0,[],[]
626:1,यह बस box से बाहर आते ही work करता है और आपके पास OS के साथ बहुत सारे cool software include हैं।,3,"['work', 'software', 'OS']","['positive', 'positive', 'neutral']"
574:0,हर aspect में good है।,0,[],[]
525:1,यह जैसा advertise हुआ है यहा है great work करता है और money का waste नहीं है!,1,['work'],['positive']
644:1,"यह मेरे mac के साथ यह replace कर दिया गया था जो steal हो गया था, यह एक great computer है।",0,[],[]
757:3,बस थोड़ा careful रहें; आपको हमेशा दूसरों के लिए कुछ good stuff give up करना होगा।,0,[],[]
787:22:00,Champ की तरह run कर रहा है,1,['run'],['positive']
788:35:00,वास्तव में बहुत अच्छा है... मुझे beginning से start करने दें।,0,[],[]
692:1,OS के लिए premium price किसी भी दूसरे चीज़ से ज्यादा है।,2,"['price', 'OS']","['positive', 'neutral']"
575:0,यह मेरे grandson के लिए एक gift था।,0,[],[]
976:1,"मैं reviews के base पर touchpad के बारे में थोड़ा concern था, लेकिन मैंने इसके साथ work करना ठीक पाया।",1,['touchpad'],['positive']
762:1,"मैंने इस Mac book pro को एक new 27"" iMac के साथ buy किया और वे अभी भी एक PC की तुलना में light years अधिक reliable हैं तो मैंने अपने my Mac computers की reliability में गिरावट देखी है।",1,['reliability'],['conflict']
807:41:00,"पहले mentioned की गई sound best नहीं है, लेकिन इसे headphones के साथ solve किया जा सकता है।",2,"['sound', 'headphones']","['conflict', 'neutral']"
803:34:00,"Track pad समय-समय पर थोड़ा squirrely होता है- कभी-कभी बहुत sensitive भी होता है, और कभी-कभी थोड़ा unresponsive, लेकिन यह usable है।",1,['Track pad'],['conflict']
479:6,"हालांकि, experience बहुत great था क्योंकि OS unstable नहीं होता है और application बस shutdown हो जाएगा और reopen हो जाएगा।",2,"['OS', 'application']","['positive', 'positive']"
478:3,"फिर केवल FOUR months बाद, मेरा great MacBook pro fail हो गया।",0,[],[]
258:1,"यदि आप मुझसे पूछें, तो इस price के लिए इसे include किया जाना चाहिए।",1,['price'],['negative']
1044:1,Battery वैसी नहीं है जैसी product photos में show की गई थी।,1,['Battery'],['negative']
416:1,"हालांकि मैं एक pc की price के लिए दो बार speed पा सकता था, मुझे अभी भी लगता है कि Mac जैसा कुछ भी नहीं है।",2,"['price', 'speed']","['conflict', 'conflict']"
30:35:00,Apple अपने दूसरे computers की तुलना में बहुत अधिक economical तरीका ढूंढता है।,0,[],[]
367:1,Shipping quick थी और जो product describe किया गया था वही product send किया गया था और बहुत कुछ।,1,['Shipping'],['positive']
478:5,मैं बहुत disgust हूं कि मैंने इस product पर अपना money waste किया।,0,[],[]
432:2,आपको एक box और एक computer मिलेगा।,0,[],[]
718:1,Retina display display pictures बनाते हैं जिन्हें मैंने years पहले लिया था impressive है।,1,['Retina display display'],['positive']
445:22:00,यह केवल 3 months जो मेरे पास था में एक बार मुझ पर crash हुआ था।,0,[],[]
109:1,Mac Mini संभवतः वहां compact computing का सबसे simple  example है।,1,['compact computing'],['positive']
96:1,"इसके बजाय, मैं actual performance and feature set of the hardware पर अधिक focus करूंगा इसलिए आप एक educated decision ले सकते हैं कि कौन सा Mac buy करना है।",1,['performance and feature set of the hardware'],['neutral']
448:11:00,मेरा bag थोड़ा light हो गया।,0,[],[]
450:0,मैं exaggerate नहीं कर रहा हूँ जब मैं कहता हूँ कि यह computer perfect है..यह है !!,0,[],[]
316:3,"यह machine flawless, fast और classy है।",0,[],[]
795:32:00,"अन्य ports में FireWire 800, Gigabit Ethernet, MagSafe port, Microphone jack include है।",5,"['ports', 'FireWire 800', 'Gigabit Ethernet', 'MagSafe port', 'Microphone jack']","['neutral', 'neutral', 'neutral', 'neutral', 'neutral']"
388:2,मैं half night तक अपने new MacBook Pro को enjoy करता रहा।,0,[],[]
798:53:00,यह laptop Chromebook से 100 गुना better है!,0,[],[]
325:1,"इसके अतिरिक्त, computer में मुश्किल से एक ventilation system है, और यहां तक कि watching videos playing steam games की simple activity से laptop बहुत hot हो जाता है, और यहां तक कि lap में रखना impossible होता है।",3,"['ventilation system', 'watching videos', 'playing steam games']","['negative', 'neutral', 'neutral']"
795:54:00,"$1899 में start करने के लिए, यह कोई cheap machine नहीं है।",0,[],[]
965:1," Acer support के साथ chatting, मुझे advise दी गई थी कि problem corrupt operating system files थी।",2,"['Acer support', 'operating system files']","['neutral', 'neutral']"
50:1,Purchase के बाद से couple weeks हो गए हैं और मैं correct keys find करने में struggle कर रहा हूं (लेकिन यह expected था)।,1,['keys'],['neutral']
326:3,"बहुत से people new OS के बारे में complain करते हैं, और Apple के लिए इसे जल्द से जल्द fix करना urgent है!",1,['OS'],['negative']
789:57:00,अब जब मैंने Lion को upgrade किया है तो मैं MAC OS के बारे में बहुत happy हूं और मैंने office के लिए सिर्फ iMac buy किया है।,2,"['Lion', 'MAC OS']","['positive', 'positive']"
788:59:00,RAM और HDD User upgradeable है।,2,"['RAM', 'HDD']","['positive', 'positive']"
791:31:00,लेकिन मैं CD/DVD player के लिए Pro चाहता था।,1,['CD/DVD player'],['positive']
796:36:00,"मैंने इसे incorrectly read किया, लेकिन sorry से better safe है right?",0,[],[]
389:0,The ultimate graduation gift.,0,[],[]
347:1,RAM memory अच्छी है लेकिन 4Mb के बजाय 8Mb के लिए splurge होना चाहिए।,1,['RAM memory'],['conflict']
792:57:00,"Month के लिए buy करने के लिए debate कर रहा था, youtube पर different stuff की जांच की, और different articles और debates को read किया, मैं वास्तव में money spend नहीं करना चाहता था लेकिन मैं glad हूं कि मैंने किया।",0,[],[]
316:4,मैं इसे पसंद करता हूं और इसे हर किसी के लिए recommend करुंगा जो constant attention जो PC के लिए आवश्यक है से tired हो गया है।,0,[],[]
500:1,मैं पहली बार में थोड़ा worry हुआ क्योंकि मेरे पास os.x का बहुत अधिक experience नहीं है और windows का use करने के कई years के बाद windows हमेशा मेरे लिए second nature रहा है।,3,"['os.x', 'windows', 'windows']","['neutral', 'positive', 'neutral']"
301:5,"मैं college में Infosys का major हूं, इसलिए मैंने इस issue पर खुद से research start किया था।",0,[],[]
303:5,Solution: यह काफी simple निकला।,0,[],[]
574:1,Supporting softwares के साथ अन्य OS का use इसे बहुत better बनाता है।,2,"['OS', 'softwares']","['neutral', 'neutral']"
303:13:00,अभी भी यह solve नहीं हुआ है।,0,[],[]
305:3,"मैंने तब Mac OS X 10.8 ""Mountain Lion"" में upgrade किया।",1,"['Mac OS X 10.8 ""Mountain Lion""']",['neutral']
293:2,यह EXTREMELY fast है और कभी lag नही करता।,0,[],[]
301:7,मैंने उन्हें बताया कि मैंने बस अपना brand new MacBook receive किया है लेकिन मुझे issue हो रहा है।,0,[],[]
898:1,"मैं Air buy करने पर consider कर रहा था, लेकिन reality में, यह एक अधिक powerful performance है और बहुत convenient लगता है, भले ही यह लगभग 20 inch thicker और 2 lbs heavy हो।",1,['performance'],['positive']
891:1,"Home और office में इसे external 24"" LCD screen में plugg किया जाता है, इसलिए built in screen size terribly important नहीं है।",2,"['built in screen size', 'external 24"" LCD screen']","['neutral', 'neutral']"
301:10:00,उम्मीद है कि मेरा replacement brand new है।,0,[],[]
65:1,बस सावधान रहें कोई DVD slot नहीं है इसलिए जब मैं software install करने गया मुझे CD on करना था मैं नहीं कर सका।,2,"['software 'install', 'DVD slot']","['negative', 'neutral']"
994:1,"मैंने अपने writing को dedicate करने में able होने के लिए एक small, portable laptop buy किया और यह जानकर surprise रह गया कि ऐसा करने के लिए मुझे एक word processing program buy करने की need है।",1,['word processing program'],['neutral']
443:1,"MacBook Pro का यह version third-generation CPU (""Ivy Bridge"") में चलता है, न कि latest fourth-generation Haswell CPU के 2013 version में।",2,"['third-generation CPU (""Ivy Bridge"")', 'fourth-generation Haswell CPU']","['neutral', 'neutral']"
316:1,"वास्तव में, मुझे लगता है कि मैं एक PC से change से intimidate था।",0,[],[]
245:1,"New version में कोई Cd Rom नहीं है। ऐसा कोई तरीका नहीं है कि मैं किसी पर उतना money spend करूं, जिसमें old version की तुलना में less features हों।",2,"['Cd Rom', 'features']","['neutral', 'negative']"
380:1,निश्चित रूप से इस पर money spend करने लायक है।,0,[],[]
270:1,मेरे पास three words हैं: Junk का Piece!,0,[],[]
1069:43:00,"Laptop के लिए volume वास्तव में low है, इतना volume low होने की उम्मीद नहीं थी। मुझे इस computer में इस चीज से नफरत है",2,"['volume', 'volume']","['negative', 'negative']"
809:08:00,मेरी सभी personal needs को पूरा करता है।,0,[],[]
30:39:00,मैं pro-active type का हूं इसलिए मैंने off किया और preventive fixes किए।,0,[],[]
800:02:00,और यह मुश्किल नहीं है कि यह किसी से अचानक से टकरा जाए इसलिए मैं इसे protect करने के लिए एक case लेने के लिए recommend करता हूं।  ,1,['case'],['neutral']
397:1,Mac जिसके लिए है मैं उसे explore करना चाहता था।,0,[],[]
285:1,मुझे यह Amazon से एक amazing price पर मिला और यह बस time पर ही आ गया।,1,['price'],['positive']
43:1,"हर time जब मैं log into the system करता हूं तो कुछ hours के बाद, यह पूरी तरह से frustrating process है जिससे मुझे गुजरना पड़ता है।",1,['log into the system'],['negative']
870:0,अधिकांश reviews 13.3 MacBook Pro  Model # MD101LL/A के लिए लगती हैं।,0,[],[]
123:1,"एक SSD रखें और एक 21"" LCD screen  का use करें, यह set up silky smooth है!",3,"['21"" LCD screen', 'SSD', 'set up']","['neutral', 'neutral', 'positive']"
792:19:00,मैंने Apple से सीधे buy करने के लिए people के bad reviews को देखा और मैं concern था लेकिन मैंने अपना chance लिया और मैं बहुत impress हुआ।,0,[],[]
11:1,"Case अब previous generation की तुलना में थोड़ा large है, लेकिन external power supply की कमी size में small increase को justify करती है।",3,"['Case', 'size', 'external power supply']","['negative', 'conflict', 'neutral']"
1009:1,"मुझे इसके साथ जाने के लिए एक wireless mouse buy करना पड़ा, क्योंकि मैं old school हूं और pad से नफरत करता हूं, लेकिन जानता था कि इससे पहले कि मैं इसे buy करूं, अब यह बहुत अच्छा works करता है, keyboard में adjust होने की आवश्यकता है, क्योंकि मैं एक बड़े वाले का आदी हूं।",4,"['wireless mouse', 'pad', 'works', 'keyboard']","['neutral', 'negative', 'positive', 'neutral']"
404:1,जब Mac consider करे तो total cost of ownership देखें न केवल initial price tag.,2,"['cost of ownership', 'price tag']","['neutral', 'neutral']"
1020:1,"VGA port, HDMI, ethernet और 3 USB ports को include करके सारे features हैं जो मुझे चाहिए थे। ",5,"['features', 'VGA port', 'HDMI', 'ethernet', 'USB ports']","['positive', 'neutral', 'neutral', 'neutral', 'neutral']"
540:3,एक बढ़िया college too है!,0,[],[]
271:28:00,इस laptop के बारे में एक ही चीज मुझे नापसंद है कि computer के bottom में grip के लिए rubber pads मिले।,1,['rubber pads'],['negative']
264:5,मैंने apple को call किया और कोई solution नहीं है।,0,[],[]
1143:1,यह price के लिए एक decent computer है और उम्मीद है कि यह long time तक चलेगा।,1,['price'],['neutral']
29:1,मैं वास्तव में happy था क्योंकि Mac store की अपेक्षा यह amazon.com पर ज्यादा better price में है।,1,['price'],['conflict']
483:6,worst Mac जो मेरे लिए किया गया था freeze up हो गया था।,0,[],[]
46:07:00,सबसे अच्छा part low heat output और ultra quiet operation है।,2,"['heat output', 'operation']","['positive', 'positive']"
264:12:00,मैं खुद को और अपने wallet को kill करन के लिए apple को pay कर रहा हूं।,0,[],[]
264:13:00,इस TRASH के लिए कोई STAR नहीं। [...,0,[],[]
805:1,मैं बाद में खुद upgrade the ram (क्योंकि इस model के साथ आप इसे कर सकते हैं)।,1,['upgrade the ram'],['positive']
568:1,Price 200 dollars down है।,1,['Price'],['positive']
75:1,"इस Mac Mini में built-in mic नहीं है, और ऐसा लगता है कि इसका Mac OS 10.9 external microphones को ठीक से handle नहीं करता है।",3,"['built-in mic', 'Mac OS 10.9', 'external microphones']","['neutral', 'negative', 'neutral']"
859:1,MBP पर बहुत सारे features और shortcuts हैं जिन्हें मैं कभी भी एक normal PC पर expose नहीं करता था।,2,"['features', 'shortcuts']","['neutral', 'neutral']"
768:1,"यकीन नहीं था कि मैं इसे like करने जा रहा था इसे बहुत कम पसंद करता था तो मुझे बहुत अच्छा लगा, इसलिए मैं एक local best buy पर गया और एक Mac Pro पर IOS system के साथ play किया और यह पूरी तरह से unique और different  था।",1,['IOS system'],['positive']
271:10:00,Quietest laptop जो मैंने कभी own किया,0,[],[]
272:10:00,Air में higher resolution हैं लेकिन fonts small हैं।,2,"['resolution', 'fonts']","['positive', 'negative']"
272:22:00,फिर से यह सिर्फ मेरा  personal honest opinion है।,0,[],[]
1103:1,अगर आपको higher expectations है ... तो मैं कहीं और देखूंगा।,0,[],[]
862:1,"Mac के साथ working बहुत easy है, बहुत सारे cool features हैं।",2,"['working', 'features']","['positive', 'positive']"
170:6,मैं एक logitech c270 buy करने जा रहा हूँ।,0,[],[]
234:1,अपने purchase से बहुत Happy हूं।,0,[],[]
643:1,मुझे brightness और adjustments पसंद हैं।,2,"['brightness', 'adjustments']","['positive', 'positive']"
899:1,मैं अपने macbook pro के साथ बहुत HAPPY हूँ!,0,[],[]
164:1,मेरी एकमात्र wish है कि इस mac में एक CD/DVD player built in हो।,1,['CD/DVD player'],['neutral']
969:5,केवल एक चीज जो मैं miss करता हूं वो है कि मेरे old Alienware laptop में backlit keys थीं।,1,['backlit keys'],['negative']
933:1,"केवल एक चीज जो मैं miss करता हूं वह है ""Home/End"" type keys और अन्य चीजें जिनका मैं इतने लंबे समय के बाद आदी हो गया हूं।",1,"['""Home/End"" type keys']",['neutral']
535:1,"इस purchase से बहुत happy हूं, मैं बस यह wish करता हूं कि यह Microsoft Word के साथ आए।",1,['Microsoft Word'],['neutral']
1080:1,यह computer एक high school student की needs को पूरा करने के लिए पर्याप्त से अधिक है।,0,[],[]
1133:1,Laptop के साथ आने वाले सभी flexibility के साथ मेरे business को run कराने के लिए पर्याप्त memory और speed है।,3,"['memory', 'speed', 'flexibility']","['positive', 'positive', 'positive']"
881:4,"Speed, simplicity, design .. यह किसी भी PC से एक light year आगे है जो मैंने कभी own किया है।",3,"['Speed', 'simplicity', 'design']","['positive', 'positive', 'positive']"
713:1,मुझे इस computer के बारे में सब कुछ पसंद है।,0,[],[]
793:1,मुझे Dell ultra books और Apple के बीच decide करना सबसे tough लगा।,0,[],[]
390:1,"Battery life excellent है, display excellent है, और downloading apps एक breeze है।",3,"['Battery life', 'display', 'downloading apps']","['positive', 'positive', 'positive']"
940:1,"Screen, software और operating system की smoothness।",3,"['Screen', 'software', 'operating system']","['positive', 'positive', 'positive']"
374:1,"जब हम सभी crashes और viruses से जूझते हैं, kids computer consistent रहते हैं और इसलिए हमने business के लिए एक buy किया!",0,[],[]
886:1,मैं एक computer को RUN कराना नहीं चाहता; मैं एक computer का use करना चाहता हूं।,0,[],[]
547:16:00,"मैंने अपना couple times drop किया है, जो slim plastic case cover है।",1,['slim plastic case'],['neutral']
991:8,मैंने एक recovery USB stick भी बनाई है।,1,['recovery USB stick'],['neutral']
785:1,Mac पर switch करने के लिए कई years से PC users होने के नाते मैं वापस नहीं जाऊंगा।,0,[],[]
311:18:00,"लेकिन इस laptop के साथ, bass बहुत weak है और sound tinny लग रहा है।",2,"['bass', 'sound']","['negative', 'negative']"
635:1,"मैं admit करता हूँ कि यह pricy है, लेकिन saying इस MacBook Pro Laptop के साथ वास्तव में true है (आप जो भी pay करते हैं वह आपको मिलता है)।",0,[],[]
84:1,"मैंने लगभग 2005 के बाद से हर generation का Mac Minis buy किया हैं, और इसने मुझे निराश नहीं किया।",0,[],[]
339:1,"Built quality वास्तव में अच्छी है, मैं इस product के बारे में बहुत happy और excited था।",1,['Built quality'],['positive']
484:1,मैं fast performance भी पसंद कर रहा हूं।,1,['performance'],['positive']
1038:1,मुझे इसे return करना पड़ा क्योंकि यह start भी नहीं होगा।,0,[],[]
34:13:00,"इसके अलावा, इस Mac Mini में एक sloppy Bluetooth interface है (Mac OS के सौजन्य से) और range poor है।",3,"['Bluetooth interface', 'Mac OS', 'range']","['negative', 'negative', 'negative']"
869:0,एक शानदार laptop पर शानदार deal!,0,[],[]
1065:41:00,यदि आप दूर right side से start करते हैं और अपने left scroll करते हैं तो start menu अपने आप सामने आ जाएगा।,1,['start menu'],['neutral']
736:1,Best money जो मैंने कभी spend किया।,0,[],[]
67:1,मेरा एकमात्र gripe अधिक RAM add करने की need होगी।,1,['RAM'],['negative']
73:1,लेकिन मैं laptop पर एक और thousand spend नहीं करना चाहता था क्योंकि पहले से ही एक PC मुझे मेरा work provide करता है।,0,[],[]
1107:3,यदि आपके पास touch screen है तो fine है।,1,['touch screen'],['neutral']
930:1,Apple product कभी wrong नहीं हो सकता।,0,[],[]
32:1,"जहाँ तक user type है - मैं games (WoW) से Photoshop तक सब कुछ में dabble हूं, लेकिन professionally कुछ भी नहीं।",2,"['games', 'Photoshop']","['neutral', 'neutral']"
769:1,"यह मेरे PC की तरह hot नहीं होता है, हमेशा अपनी fingertips पर technology के साथ मैं कभी भी भूल जाता हूं कि मैं कुछ कैसे कर सकता हूं बस इसे Google करें।",0,[],[]
997:12:00,मैंने WLAN card को inside re-seat किया और LAN device drivers को फिर से re-install किया।,2,"['WLAN card', 'LAN device drivers']","['neutral', 'neutral']"
934:1,"यह अब तक market में किसी भी computer को beat कर देता है, अच्छी तरह से built है, battery life AMAZING है।",2,"['built', 'battery life']","['positive', 'positive']"
118:2,"मैंने अभी तक किसी भी high tech के लिए इसका use नहीं किया है, लेकिन मैं पहले से ही इसे पसंद करता हूं।",0,[],[]